CRICOS Provider Code,Institution Name,Location Name,Location Type,Address Line 1,Address Line 2,Address Line 3,Address Line 4,City,State,Postcode
00002J,Macquarie University (Macquarie),Macquarie University Sydney City Campus (Angel Place),Location owned and operated by provider,Levels 23 & 24,123 Pitt St,,,Sydney,NSW,2000
00002J,Macquarie University (Macquarie),Macquarie University Wallumattagal Campus at North Ryde,Location owned and operated by provider,Wallumattagal Campus,,,,Macquarie University,NSW,2109
00003G,University of New England,"28 George Street, Parramatta",Location owned and operated by provider,28 George Street,,,,Parramatta,NSW,2150
00003G,University of New England,"Church Street, Parramatta campus",Location owned and operated by provider,211 Church St,,,,Parramatta,NSW,2150
00003G,University of New England,"Level 3, 112-118 Rundle Mall, Adelaide SA 5000",Location owned and operated by provider,"Level 3, 112-118 Rundle Mall",,,,Adelaide,SA,5000
00003G,University of New England,"Level 4, 100 George Street, Parramatta campus",Location owned and operated by provider,Level 4,100 George Street,,,Parramatta,NSW,2150
00003G,University of New England,University of New England,Location owned and operated by provider,17 Arts Rd,,,,ARMIDALE,NSW,2351
00003G,University of New England,University of New England (ELICOS operations),Location owned and operated by provider,English Language Centre,Booloomingah Dr,,,ARMIDALE,NSW,2350
00004G,Australian Catholic University Limited,Australian Catholic University-Ballarat Campus,Location owned and operated by provider,1200 Mair St,,,,Ballarat,VIC,3350
00004G,Australian Catholic University Limited,Australian Catholic University-Blacktown CBD Campus,Location owned and operated by provider,22 Main St,,,,Blacktown,NSW,2148
00004G,Australian Catholic University Limited,Australian Catholic University-Brisbane Campus,Location owned and operated by provider,1100 Nudgee Rd,,,,BANYO,QLD,4014
00004G,Australian Catholic University Limited,Australian Catholic University-Canberra Campus,Location owned and operated by provider,223 Antill St,,,,Watson,ACT,2602
00004G,Australian Catholic University Limited,Australian Catholic University-Melbourne Campus,Location owned and operated by provider,Victoria Pde,,,,FITZROY,VIC,3065
00004G,Australian Catholic University Limited,Australian Catholic University-North Sydney Campus,Location owned and operated by provider,40 Edward St,,,,NORTH SYDNEY,NSW,2060
00004G,Australian Catholic University Limited,Strathfield Campus,Location owned and operated by provider,25A Barker Rd,,,,STRATHFIELD,NSW,2135
00005F,Charles Sturt University (CSU),"77 Berry St, North Sydney, NSW 2060",Arrangement with Non Registered Provider,77 Berry Street,,,,North Sydney,NSW,2060
00005F,Charles Sturt University (CSU),Albury,Location owned and operated by provider,Elizabeth Mitchell Dr,,,,Thurgoona,NSW,2640
00005F,Charles Sturt University (CSU),Bathurst,Location owned and operated by provider,Panorama Ave,,,,Bathurst,NSW,2795
00005F,Charles Sturt University (CSU),Dubbo,Location owned and operated by provider,Tony McGrane Pl,,,,Dubbo,NSW,2830
00005F,Charles Sturt University (CSU),Holmesglen Institute of TAFE,Arrangement with other registered provider,1 Batesford Rd,,,,CHADSTONE,VIC,3148
00005F,Charles Sturt University (CSU),"Level 2 and 3, 222 Bourke Street, Melbourne VIC 3000",Arrangement with Non Registered Provider,"Level 2 and 3, 222 Bourke Street",,,,Melbourne,VIC,3000
00005F,Charles Sturt University (CSU),Orange,Location owned and operated by provider,Leeds Pde,,,,Orange,NSW,2800
00005F,Charles Sturt University (CSU),Port Macquarie (7 Major Innes Road),Location owned and operated by provider,7 Major Innes Rd,,,,Port Macquarie,NSW,2444
00005F,Charles Sturt University (CSU),St Marks Theological Centre,Arrangement with Non Registered Provider,15 Blackall St,,,,Barton,ACT,2600
00005F,Charles Sturt University (CSU),United Theological College,Arrangement with Non Registered Provider,16 Masons Dr,,,,North Parramatta,NSW,2800
00005F,Charles Sturt University (CSU),Wagga Wagga,Location owned and operated by provider,Boorooma St,,,,Wagga Wagga,NSW,2675
00008C,Monash University (Monash),750 Collins St Docklands,Location owned and operated by provider,750 Collins Street,,,,Docklands,VIC,3008
00008C,Monash University (Monash),Churchill,Location owned and operated by provider,Northways Rd,,,,Churchill,VIC,3842
00008C,Monash University (Monash),Monash Caulfield,Location owned and operated by provider,900 Dandenong Rd,,,,Caulfield East,VIC,3145
00008C,Monash University (Monash),Monash City,Location owned and operated by provider,Level 7,271 Collins St,,,Melbourne,VIC,3000
00008C,Monash University (Monash),Monash Clayton,Location owned and operated by provider,Wellington Rd,,,,CLAYTON,VIC,3800
00008C,Monash University (Monash),Monash Law Chambers,Location owned and operated by provider,555 Lonsdale St,"Ground level 1,2 and 11",,,Melbourne,VIC,3000
00008C,Monash University (Monash),Monash Parkville,Location owned and operated by provider,381 Royal Pde,,,,Parkville,VIC,3052
00008C,Monash University (Monash),Monash Peninsula,Location owned and operated by provider,Moorooduc Hwy,,,,Frankston,VIC,3199
00008C,Monash University (Monash),Monash University Alfred Campus,Location owned and operated by provider,"Level 6, Alfred Centre",99 Commercial Road,,,Melbourne,VIC,3004
00012G,Holmesglen Institute,206 Bourke St MELBOURNE VIC,Arrangement with Non Registered Provider,206 Bourke St,,,,Melbourne,VIC,3000
00012G,Holmesglen Institute,Chadstone Campus,Location owned and operated by provider,1 Batesford Rd,,,,CHADSTONE,VIC,3148
00012G,Holmesglen Institute,Moorabbin Campus,Location owned and operated by provider,488 South Rd,,,,Moorabbin,VIC,3189
00012G,Holmesglen Institute,Waverley Campus,Location owned and operated by provider,585 Waverly Rd,,,,Glen Waverley,VIC,3150
00017B,Bond University,Gold Coast campus,Location owned and operated by provider,14 University Drive,,,,ROBINA,QLD,4226
00025B,The University of Queensland,"308 Queen Street, Brisbane, QLD 4000",Location owned and operated by provider,308 Queen Street,88 Creek Street (located behind 308 Queen St),,,Brisbane City,QLD,4000
00025B,The University of Queensland,Dutton Park Campus,Location owned and operated by provider,20 Cornwall Street,,,,Woolloongabba,QLD,4102
00025B,The University of Queensland,Gatton Campus,Location owned and operated by provider,The University of Queensland,Gatton Campus,,,GATTON,QLD,4345
00025B,The University of Queensland,Herston Campus,Location owned and operated by provider,Herston Rd,,,,HERSTON,QLD,4006
00025B,The University of Queensland,St Lucia Campus,Location owned and operated by provider,University of Queensland,,,,ST LUCIA,QLD,4072
00026A,The University of Sydney,Camden Campus (Plant Breeding Institute),Location owned and operated by provider,107 Cobbitty Rd,,,,Cobbity,NSW,2570
00026A,The University of Sydney,Camden Campus (Veterinary Science),Location owned and operated by provider,425 Werombi Rd,,,,Camden,NSW,2570
00026A,The University of Sydney,Mallett Street Campus,Location owned and operated by provider,88 Mallett St,,,,Camperdown,NSW,2050
00026A,The University of Sydney,Surry Hills Campus,Location owned and operated by provider,"Faculty Building, Level 6",2 Chalmers St,,,Surry Hills,NSW,2010
00026A,The University of Sydney,Sydney Conservatorium of Music,Location owned and operated by provider,The Greenway Building,Cnr Bridge and Macquarie Streets,,,Sydney,NSW,2000
00026A,The University of Sydney,"Sydney, CBD Level 16, 17 and 18, 133 Castlereagh Street",Arrangement with Non Registered Provider,133 Castlereagh St,"Sydney, CBD Level 16, 17 and 18",,,Sydney,NSW,2000
00026A,The University of Sydney,Taronga Conservation Society of Australia,Arrangement with Non Registered Provider,Bradleys Head Rd,,,,Mosman,NSW,2088
00026A,The University of Sydney,Taylors College (Waterloo) (School operations),Arrangement with other registered provider,965 Bourke St,,,,WATERLOO,NSW,2017
00026A,The University of Sydney,The University of Sydney,Location owned and operated by provider,Parramatta Rd,"Susan Wakil Health Building, D18 Western Avenue",,,CAMPERDOWN,NSW,2050
00026A,The University of Sydney,Westmead Campus,Arrangement with Non Registered Provider,Westmead Health Precinct,1 Mons Rd,,,Westmead,NSW,2145
00051M,ELC Career College Pty Ltd,"493-495 Kent St, Sydney, 2000",Arrangement with Non Registered Provider,493-495 Kent St,,,,Sydney,NSW,2000
00051M,ELC Career College Pty Ltd,ELC Career College,Location owned and operated by provider,Level 5 10 Quay Street,,,,Haymarket,NSW,2000
00092B,TAFE SA,Adelaide City Campus,Location owned and operated by provider,120 Currie St,Level 2,,,ADELAIDE,SA,5000
00092B,TAFE SA,Adelaide College of the Arts,Location owned and operated by provider,39 Light Sq,,,,ADELAIDE,SA,5000
00092B,TAFE SA,Barossa Valley Campus,Location owned and operated by provider,74 Old Kapunda Rd,,,,NURIOOTPA,SA,5355
00092B,TAFE SA,Gilles Plains Campus,Location owned and operated by provider,33 Blacks Rd,,,,GILLES PLAINS,SA,5086
00092B,TAFE SA,Regency Park Campus,Location owned and operated by provider,137 Days Rd,,,,REGENCY PARK,SA,5010
00092B,TAFE SA,"The University of Adelaide, North Terrace",Arrangement with other registered provider,230 North Tce,,,,AUSTRALIA,SA,5005
00092B,TAFE SA,Tonsley Campus,Location owned and operated by provider,1284 South Rd,,,,CLOVELLY PARK,SA,5042
00092B,TAFE SA,Urrbrae Campus,Location owned and operated by provider,505 Fullarton Rd,,,,NETHERBY,SA,5062
00098G,The University of New South Wales (UNSW),The University of New South Wales,Location owned and operated by provider,High St,Includes the Randwick campus at,"22/32 King St, Randwick NSW 2031",,Kensington,NSW,2052
00098G,The University of New South Wales (UNSW),UNSW Art & Design,Location owned and operated by provider,Cnr of Oxford St and Grenns Rd,,,,Paddington,NSW,2021
00098G,The University of New South Wales (UNSW),UNSW Canberra,Location owned and operated by provider,Northcott Dr,,,,Canberra,ACT,2600
00098G,The University of New South Wales (UNSW),UNSW Canberra City,Location owned and operated by provider,37 Constitution Avenue,UNSW Canberra City Campus,"Building J, UNSW Canberra",,Reid,ACT,2612
00099F,University of Technology Sydney (UTS),University of Technology Sydney (City Campus),Location owned and operated by provider,1 Broadway,,,,HAYMARKET,NSW,2007
00099F,University of Technology Sydney (UTS),UTS Moore Park Precinct,Location owned and operated by provider,Sydney Cricket Grounds,Moore Park Rd,,,Moore Park,NSW,2021
00102E,University of Wollongong (UoW),50 Scott Street Liverpool,Location owned and operated by provider,50 Scott Street,,,,Liverpool,NSW,2170
00102E,University of Wollongong (UoW),UOW Bega Valley,Location owned and operated by provider,PO Box 1020,,,,BEGA,NSW,2550
00102E,University of Wollongong (UoW),UOW Eurobodalla,Location owned and operated by provider,Batemans Bay Education Centre,"""Hanging Rock""",Beach Rd,,Batmans,NSW,2536
00102E,University of Wollongong (UoW),UOW Liverpool Campus,Location owned and operated by provider,33 Moore St,,,,Liverpool,NSW,2170
00102E,University of Wollongong (UoW),UOW Shoalhaven,Location owned and operated by provider,University of Wollongong,Shoalhaven,POBox 5080,,Nowra Distribution Centre,NSW,2541
00102E,University of Wollongong (UoW),UOW Southern Highlands,Location owned and operated by provider,University Building,C/Moss Vale College of TAFE,Krikham St,,Moss Vale,NSW,2577
00102E,University of Wollongong (UoW),UOW Sutherland,Location owned and operated by provider,University of Wollongong,Southern Sydney,1 Pitt St,,Loftus,NSW,2232
00102E,University of Wollongong (UoW),UOW Sydney CBD,Location owned and operated by provider,Tower 1 'Darling Park,"Level 2, 201 Sussex St",,,Sydney,NSW,2000
00102E,University of Wollongong (UoW),UOW Wollongong,Location owned and operated by provider,Northfields Ave,,,,WOLLONGONG,NSW,2522
00103D,Federation University Australia,Federation University Ballarat,Location owned and operated by provider,28 University Dr,,,,BALLARAT,VIC,3353
00103D,Federation University Australia,Federation University Berwick,Location owned and operated by provider,100 Clyde Rd,,,,Berwick,VIC,3806
00103D,Federation University Australia,Federation University Brisbane,Arrangement with Non Registered Provider,Brisbane Centre,333 Ann St,,,Brisbane,QLD,4000
00103D,Federation University Australia,Federation University Gippsland,Location owned and operated by provider,Northways Rd,,,,Churchill,VIC,3350
00103D,Federation University Australia,Federation University Melbourne,Location owned and operated by provider,470 Bourke Street,,,,MELBOURNE,VIC,3000
00103D,Federation University Australia,Federation University Sydney,Location owned and operated by provider,"Level 9, 540 George St",,,,Sydney,NSW,2000
00103D,Federation University Australia,International Institute of Business and Information Technology (IIBIT Adelaide),Arrangement with other registered provider,"Levels 2, 3 and 6",127 Rundle Mall,,,Adelaide,SA,5000
00109J,The University of Newcastle (UoN),The University of Newcastle (Callaghan),Location owned and operated by provider,University Dr,,,,CALLAGHAN,NSW,2308
00109J,The University of Newcastle (UoN),The University of Newcastle (Central Coast),Location owned and operated by provider,10 Chittaway Rd,,,,Ourimbah,NSW,2258
00109J,The University of Newcastle (UoN),The University of Newcastle (Gosford),Location owned and operated by provider,77a Holden Street and 305 Mann St,,,,Gosford,NSW,2250
00109J,The University of Newcastle (UoN),The University of Newcastle (Newcastle City),Location owned and operated by provider,Cnr Hunter and Auckland St,,,,Newcastle,NSW,2300
00109J,The University of Newcastle (UoN),The University of Newcastle (Sydney),Location owned and operated by provider,55 Elizabeth St,,,,Sydney,NSW,2000
00109J,The University of Newcastle (UoN),"The University of Newcastle Language Centre, Callaghan (ELICOS Operations)",Location owned and operated by provider,University Dr,,,,CALLAGHAN,NSW,2308
00109J,The University of Newcastle (UoN),"The University of Newcastle Language Centre, Sydney (ELICOS Operations)",Location owned and operated by provider,55 Elizabeth St,,,,SYDNEY,NSW,2000
00109J,The University of Newcastle (UoN),University of Newcastle College of International Education (UNCIE),Arrangement with other registered provider,Cnr Hunter and Auckland Streets,,,,Newcastle,NSW,2300
00111D,Swinburne University of Technology,Croydon Campus 12-50 Norton Road Croydon Swinburne University,Location owned and operated by provider,John St,,,,Hawthorn,VIC,3122
00111D,Swinburne University of Technology,Hawthorn Campus John Street Hawthorn Swinburne University,Location owned and operated by provider,John St,,,,HAWTHORN,VIC,3122
00111D,Swinburne University of Technology,"Swinburne College Pty Ltd, Hawthorn Campus, John Street Hawthorn",Arrangement with Non Registered Provider,John St,,,,Hawthorn,VIC,3122
00111D,Swinburne University of Technology,Swinburne University of Technology  NICA Prahran,Location owned and operated by provider,39-59 Green St,,,,PRAHRAN,VIC,3181
00111D,Swinburne University of Technology,Wantirna Campus 369 Stud Road Wantirna Swinburne University,Location owned and operated by provider,369 Stud Rd,,,,Wantirna,VIC,3122
00113B,Deakin University (Deakin),Centre for Regional and Rural Futures (Deakin University),Location owned and operated by provider,86 Research Station Road,,,,Hanwood,NSW,2680
00113B,Deakin University (Deakin),"Deakin University, Geelong Waterfront Campus",Location owned and operated by provider,1 Gheringhap St,,,,GEELONG,VIC,3220
00113B,Deakin University (Deakin),"Deakin University, Geelong Waurn Ponds Campus",Location owned and operated by provider,Deakin University,Geelong Waurn Ponds Campus,75 Pigdons Rd,,Geelong,VIC,3220
00113B,Deakin University (Deakin),"Deakin University, Melbourne Burwood Campus",Location owned and operated by provider,221 Burwood Hwy,,,,BURWOOD,VIC,3125
00113B,Deakin University (Deakin),"Deakin University, Warrnambool Campus",Location owned and operated by provider,Deakin University Warrnambool Campus,Princes Hwy,,,Warrnambool,VIC,3280
00114A,Flinders University,Adelaide College of the Arts,Arrangement with other registered provider,39 Light Sq,,,,ADELAIDE,SA,5000
00114A,Flinders University,Bedford Park,Location owned and operated by provider,Sturt Rd,,,,BEDFORD PARK,SA,5042
00114A,Flinders University,Flinders City Campus,Location owned and operated by provider,1 Festival Tower,Festival Plaza,North Terrace,,Adelaide,SA,5000
00114A,Flinders University,"Flinders University - Northern Territory Medical Program, Darwin Campus",Location owned and operated by provider,Flinders University Darwin Campus,Ellengowan Drive,,,Brinkin,NT,0810
00114A,Flinders University,Riverland Campus-Renmark and Paringa District Hospital,Location owned and operated by provider,Renmark and Paringa District Hospital,Ral Ral Avenue,,,Renmark,SA,5341
00114A,Flinders University,Tonsley,Location owned and operated by provider,1284 South Rd,,,,CLOVELLY PARK,SA,5042
00115M,La Trobe University (La Trobe),Albury-Wodonga Campus,Location owned and operated by provider,University Dr,,,,Wodonga,VIC,3689
00115M,La Trobe University (La Trobe),Bendigo Campus,Location owned and operated by provider,La Trobe University,Edwards Rd,,,Flora Hill,VIC,3550
00115M,La Trobe University (La Trobe),City Campus (Collins Street),Location owned and operated by provider,"Level 2,3 and 20",360 Collins St,,,Melbourne,VIC,3000
00115M,La Trobe University (La Trobe),La Trobe University Sydney Campus,Arrangement with Non Registered Provider,255 Elizabeth St,,,,Sydney,NSW,2000
00115M,La Trobe University (La Trobe),Melbourne (Bundoora) Campus,Location owned and operated by provider,Kingsbury Dr,,,,BUNDOORA,VIC,3083
00115M,La Trobe University (La Trobe),Mildura Campus,Location owned and operated by provider,La Trobe University,471 Benetook Ave,,,Mildura,VIC,3502
00115M,La Trobe University (La Trobe),Shepparton Campus,Location owned and operated by provider,La Trobe University,210 Fryers St,,,Shepparton,VIC,3262
00116K,The University of Melbourne (UniMelb),"234 St. Kilda Road,Southbank (SouthBank campus)",Location owned and operated by provider,234 St. Kilda Road,,,,Southbank,VIC,3006
00116K,The University of Melbourne (UniMelb),"500 Yarra Boulevard, Richmond (Burnley campus)",Location owned and operated by provider,500 Yarra Boulevard,,,,Richmond,VIC,3121
00116K,The University of Melbourne (UniMelb),The University of Melbourne,Location owned and operated by provider,Swanston St,,,,PARKVILLE,VIC,3052
00117J,James Cook University,James Cook University - Cairns,Location owned and operated by provider,McGregor Rd,,,,Smithfield,QLD,4878
00117J,James Cook University,James Cook University - Townsville,Location owned and operated by provider,James Cook Dr,,,,TOWNSVILLE,QLD,4810
00117J,James Cook University,James Cook University Brisbane Campus(JCU),Arrangement with other registered provider,349 Queen St,,,,BRISBANE,QLD,4000
00117J,James Cook University,QLD - James Cook University - Yeinie Building,Location owned and operated by provider,11-13 Charles Street,,,,Cairns North,QLD,4870
00120C,Australian National University,Australian National University,Location owned and operated by provider,Division of Registrar and Student Services,ANU Student Exchange,121 Marcus Clarke St,,Canberra City West,ACT,2601
00120C,Australian National University,Mount Stromlo Observatory,Location owned and operated by provider,Mount Stromlo Observatory,,,Cotter Road,Weston Creek,ACT,2611
00122A,Royal Melbourne Institute of Technology,Brunswick Campus 25 Dawson Street,Location owned and operated by provider,25 Dawson St,,,,Brunswick,VIC,3056
00122A,Royal Melbourne Institute of Technology,"Bundoora Campus, Plenty Road, Bundoora Vic 3083",Location owned and operated by provider,225 Plenty Rd,,,,Bundoora,VIC,3083
00122A,Royal Melbourne Institute of Technology,Melbourne Cricket Education Academy - 124 La Trobe St MELBOURNE VIC 3000,Location owned and operated by provider,124 La Trobe St,,,,Melbourne,VIC,3000
00122A,Royal Melbourne Institute of Technology,"Myjet Hanger, Bendigo Airport",Location owned and operated by provider,Building 460,35 Victa Rd,,,East Bendigo,VIC,3550
00122A,Royal Melbourne Institute of Technology,"Point Cook Campus, RAAF Williams base",Location owned and operated by provider,Williams Rd,,,,Point Cook,VIC,3030
00122A,Royal Melbourne Institute of Technology,"RMIT University - 124 Latrobe Street, Melbourne",Location owned and operated by provider,124 Latrobe St,,,,Melbourne,VIC,3000
00124K,Victoria University,Victoria University City Campus (City Tower),Location owned and operated by provider,Victoria University City Campus,364-378 Little Lonsdale Street,,,Melbourne,VIC,3000
00124K,Victoria University,Victoria University Footscray Nicholson,Location owned and operated by provider,2 Lawson St,,,,FOOTSCRAY,VIC,3011
00124K,Victoria University,Victoria University Footscray Park,Location owned and operated by provider,Ballarat Rd,,,,FOOTSCRAY,VIC,3011
00124K,Victoria University,Victoria University St Albans,Location owned and operated by provider,3 Andrea St,,,,ST ALBANS,VIC,3021
00124K,Victoria University,Victoria University Sunshine,Location owned and operated by provider,460 Ballarat Rd,,,,SUNSHINE,VIC,3020
00124K,Victoria University,Victoria University Werribee,Location owned and operated by provider,237 Hoppers Lane,,,,WERRIBEE,VIC,3030
00125J,Murdoch University (Murdoch),Murdoch University (Mandurah),Location owned and operated by provider,15 Carlten Pl,,,,Mandurah,WA,6210
00125J,Murdoch University (Murdoch),Murdoch University (Murdoch),Location owned and operated by provider,South St,,,,Murdoch,WA,6150
00125J,Murdoch University (Murdoch),Murdoch University (Nambeelup),Location owned and operated by provider,Lot 38 Dollyup Street,Murdoch University Research & Development Centre,Food Innovation Precinct Western Australia,,STAKE HILL,WA,6184
00126G,The University of Western Australia (UWA),The University of Western Australia,Location owned and operated by provider,35 Stirling Highway,,,,CRAWLEY,WA,6009
00126G,The University of Western Australia (UWA),The University of Western Australia (Albany Centre),Location owned and operated by provider,35 Stirling Hwy,,,,CRAWLEY,WA,6009
00126G,The University of Western Australia (UWA),UWA College,Location owned and operated by provider,35 Stirling Highway,,,,Crawley,WA,6009
00161E,Kent Institute Australia Pty Ltd,"Levels 9 & 10/350 Queen Street, Melbourne",Location owned and operated by provider,350 Queen St,Level 9 10,,,MELBOURNE,VIC,3000
00161E,Kent Institute Australia Pty Ltd,"Lvl 1, 5 and 11, 10 Barrack Street, Sydney",Location owned and operated by provider,10 Barrack St,Level 11,,,SYDNEY,NSW,2000
00161E,Kent Institute Australia Pty Ltd,"Suite 1, Level 10, 350 Queen Street, Melbourne",Location owned and operated by provider,350 Queen St,"Level 10, Suite 1",,,Melbourne,VIC,3000
00172B,Mercury Colleges Pty. Limited,Level 5 245 Castlereagh St,Location owned and operated by provider,Level 5 245 Castelreagh St,,,,SYDNEY,NSW,2000
00172B,Mercury Colleges Pty. Limited,"Level 7, 245-247 Castlereagh St Sydney NSW 2000",Location owned and operated by provider,245-247 Castlereagh St,Level 7,,,Sydney,NSW,2000
00172B,Mercury Colleges Pty. Limited,"Lvl 1, 12 Butler Road - Hurstville",Location owned and operated by provider,12 Butler Rd,Level 1,,,Hurstville,NSW,2221
00172B,Mercury Colleges Pty. Limited,"Lvls 1 & 2, 245-247 Castlereagh Street - Sydney",Location owned and operated by provider,245 Castlereagh St,"Level 1, 2",,,SYDNEY,NSW,2000
00172B,Mercury Colleges Pty. Limited,"Suite 1, Lvl 4, 68 Grenfell St - Adelaide",Location owned and operated by provider,68 Grenfell St,Level 4,,,ADELAIDE,SA,5000
00197D,Acknowledge Education Pty Ltd,107 Brunswick Road,Location owned and operated by provider,107 Brunswick Rd,,,,Brunswick,VIC,3056
00197D,Acknowledge Education Pty Ltd,"131-139 Currie St, Adelaide SA 5000",Location owned and operated by provider,131-139 Currie St,,,,Adelaide,SA,5000
00197D,Acknowledge Education Pty Ltd,166-172 Exhibition St,Location owned and operated by provider,166 Exhibition St,,,,MELBOURNE,VIC,3000
00197D,Acknowledge Education Pty Ltd,647 Wellington St Perth,Location owned and operated by provider,647 Wellington St,,,,Perth,WA,6000
00197D,Acknowledge Education Pty Ltd,"Brisbane Campus - 225 St Pauls Tce, FORTITUDE VALLEY QLD 4006",Location owned and operated by provider,225 St Pauls Tce,,,,FORTITUDE VALLEY,QLD,4006
00197D,Acknowledge Education Pty Ltd,Brisbane Campus - Brunswick Street,Location owned and operated by provider,"Levels Ground, 1 and 2 Transport House",230 Brunswick Street,,,Fortitude Valley,QLD,4006
00197D,Acknowledge Education Pty Ltd,Kent St/Hickson Rd Sydney,Location owned and operated by provider,Level 1 and 5/ 201 Kent St,60 Hickson Rd,,,Sydney,NSW,2000
00197D,Acknowledge Education Pty Ltd,"Level 1, 121 Scarborough St, Southport QLD 4215",Location owned and operated by provider,"Level 1, 121 Scarborough St,",,,,Southport,QLD,4215
00197D,Acknowledge Education Pty Ltd,"Level 4 222 Bourke street,  Melbourne VIC 3000",Location owned and operated by provider,Level 4 222 Bourke street,,,,Melbourne,VIC,3000
00197D,Acknowledge Education Pty Ltd,Oxford street,Location owned and operated by provider,Level 1 55-73 Oxford St,,,,SURRY HILLS,NSW,2010
00202A,Cairns Business College Limited,CBCI and GESS EDUCATION - Marine Pde,Location owned and operated by provider,42 Marine Pde,,,,Southport,QLD,4215
00202A,Cairns Business College Limited,CBCI and GESS EDUCATION - Mulgrave Road,Location owned and operated by provider,91 Mulgrave Rd,,,,PARRAMATTA PARK,QLD,4870
00212K,University of Canberra,"UC - Canberra, Bruce",Location owned and operated by provider,Kirrinari St,,,,Bruce,ACT,2617
00212K,University of Canberra,"UC - TAFE NSW Northern Sydney, St Leonard's",Arrangement with other registered provider,TAFE NSW Northern Sydney Institute,213 Pacific Hwy,,,St Leonards,NSW,2065
00212K,University of Canberra,"UC - TAFE Queensland, Mt Gravatt",Arrangement with Non Registered Provider,Mt Gravatt Campus,1030 Cavendish Rd,,,Mount Gravatt,QLD,4122
00212K,University of Canberra,"UC - TAFE Queensland, South Bank",Arrangement with other registered provider,TAFE Queensland Brisbane,,,,South Brisbane,QLD,4101
00212K,University of Canberra,"UC - University of Canberra College, Bruce",Arrangement with other registered provider,University Dr,,,,Bruce,ACT,2617
00212K,University of Canberra,"UC Sydney Hills Campus, Castle Hill, NSW",Arrangement with other registered provider,72-74 Cecil Avenue,,,,Castle Hill,NSW,2154
00212K,University of Canberra,UCC - Acton,Arrangement with other registered provider,Australian National University,110 Ellery Cresent - Baldessin Precinct Building,43 Biology Place Acton - WK Hancock Building.,155 University Avenue - Marie Reay Teaching Cent,Acton,ACT,2601
00213J,Queensland University of Technology (QUT),Gardens Point,Location owned and operated by provider,2 George St,,,,BRISBANE,QLD,4000
00213J,Queensland University of Technology (QUT),Kelvin Grove,Location owned and operated by provider,149 Victoria Park Rd,,,,Kelvin Grove QLD,QLD,4059
00219C,Central Queensland University,"15 Boronia Rd, Brisbane, QLD 4009",Arrangement with other registered provider,15 Boronia Rd,,,,Brisbane,QLD,4009
00219C,Central Queensland University,"90-92 Sydney Street, Mackay",Location owned and operated by provider,90 Sydney St,,,,Mackay,QLD,4740
00219C,Central Queensland University,Adelaide C.Q.U. Campus,Location owned and operated by provider,44 Greenhill Rd,,,,Wayville,SA,5034
00219C,Central Queensland University,Brisbane C.Q.U. Campus,Location owned and operated by provider,160 Ann St,,,,BRISBANE,QLD,4000
00219C,Central Queensland University,Bundaberg C.Q.U. Campus,Location owned and operated by provider,6 University Dr,,,,BUNDABERG,QLD,4670
00219C,Central Queensland University,Cairns C.Q.U. Campus,Location owned and operated by provider,42 Abbott St,,,,Cairns,QLD,4870
00219C,Central Queensland University,"Canning Street, Rockhampton",Location owned and operated by provider,192 Bolsolver St,,,,ROCKHAMPTON,QLD,4700
00219C,Central Queensland University,CQU Rockhampton City Campus,Location owned and operated by provider,114 Canning Street,,,,Rockhampton,QLD,4700
00219C,Central Queensland University,Gladstone C.Q.U. Campus,Location owned and operated by provider,613 Bryan Jordan Dr,,,,GLADSTONE,QLD,4680
00219C,Central Queensland University,Mackay C.Q.U. Campus,Location owned and operated by provider,149 Boundary Rd,,,,MACKAY,QLD,4741
00219C,Central Queensland University,Melbourne C.Q.U Campus,Location owned and operated by provider,Level 1-6,120 Spencer St,,,Melbourne,VIC,3000
00219C,Central Queensland University,Rockhampton C.Q.U. Campus,Location owned and operated by provider,554 Yaamba Rd,,,,Norman Gardens,QLD,4701
00219C,Central Queensland University,Sydney C.Q.U. Campus,Location owned and operated by provider,400 Kent St,,,,SYDNEY,NSW,2000
00219C,Central Queensland University,Townsville C.Q.U. Campus,Location owned and operated by provider,Level 1,538 Flinders St,,,Townsville,QLD,4810
00231G,Australian College of Natural Medicine Pty Ltd,Brisbane (Queensland),Location owned and operated by provider,"Transport House, 230 Brunswick Street","Ground level, Level 1 and 2",,,Fortitude Valley,QLD,4006
00231G,Australian College of Natural Medicine Pty Ltd,East Perth (Western Australia),Location owned and operated by provider,170 Wellington St,Level 1,,,EAST PERTH,WA,6004
00231G,Australian College of Natural Medicine Pty Ltd,Gold Coast (Queensland),Location owned and operated by provider,"Level 2, 121 Scarborough Street",,,,Southport,QLD,4215
00231G,Australian College of Natural Medicine Pty Ltd,Melbourne (Victoria),Location owned and operated by provider,368 Elizabeth St,,,,Melbourne,VIC,3000
00231G,Australian College of Natural Medicine Pty Ltd,Sydney (New South Wales),Location owned and operated by provider,815-825 George St,Levels 5 and 6,,,HAYMARKET,NSW,2000
00233E,Griffith University,Airways Aviation,Arrangement with other registered provider,Gold Coast Airport,19 Lores Bonney Cct,,,Bilinga,QLD,4225
00233E,Griffith University,Brisbane City,Location owned and operated by provider,226 Grey St,,,,SOUTH BANK,QLD,4101
00233E,Griffith University,"Brisbane City, Level 8, 333 Ann St, Brisbane QLD 4000",Location owned and operated by provider,"Level 8, 333 Ann Street",,,,Brisbane,QLD,4000
00233E,Griffith University,Brisbane South (Mt Gravatt),Location owned and operated by provider,176 Messines Ridge Rd,,,,MT GRAVATT,QLD,4122
00233E,Griffith University,Brisbane South (Nathan),Location owned and operated by provider,170 Kessels Rd,,,,NATHAN,QLD,4111
00233E,Griffith University,Gold Coast,Location owned and operated by provider,58 Parklands Dr,,,,Southport,QLD,4222
00233E,Griffith University,Logan,Location owned and operated by provider,University Dr,,,,MEADOWBROOK,QLD,4131
00244B,University of Southern Queensland,USQ (Ipswich),Location owned and operated by provider,11 Salisbury Rd,,,,Ipswich,QLD,4305
00244B,University of Southern Queensland,USQ (Springfield),Location owned and operated by provider,Education City,Sinnathamby Blvd,,,SPRINGFIELD LAKES,QLD,4030
00244B,University of Southern Queensland,USQ (Toowoomba),Location owned and operated by provider,Darling Heights,,,,TOOWOOMBA,QLD,4350
00246M,Think: Colleges Pty Ltd,196 Flinders St MELBOURNE VIC 3000 Australia,Arrangement with Non Registered Provider,196 Flinders St,,,,MELBOURNE,VIC,3000
00246M,Think: Colleges Pty Ltd,82-98 Wakefield St ADELAIDE SA 5000,Arrangement with Non Registered Provider,82 Wakefield St,,,,ADELAIDE,SA,5000
00246M,Think: Colleges Pty Ltd,"90 Bowen Terrace, FORTITUDE VALLEY, Queensland 4006",Location owned and operated by provider,90 Bowen Terrace,,,,FORTITUDE VALLEY,QLD,4006
00246M,Think: Colleges Pty Ltd,"Foveaux Street Campus, 1-37 Foveaux Street, Surry Hills",Location owned and operated by provider,1-49 Foveaux Street,,,,Surry Hills,NSW,2010
00253A,The Australian Ballet School,The Australian Ballet School,Location owned and operated by provider,2 Kavanagh St,,,,SOUTHBANK,VIC,3006
00257G,Photography Holdings Pty Ltd,Photography Holdings Pty Ltd - South Melbourne,Location owned and operated by provider,37 Thistlethwaite St,,,,South Melbourne,VIC,3205
00279B,Edith Cowan University,ECU City Campus,Location owned and operated by provider,500 Wellington Street,,,,Perth,WA,6000
00279B,Edith Cowan University,ECU Joondalup Campus,Location owned and operated by provider,100 Joondalup Dr,,,,Joondalup,WA,6027
00279B,Edith Cowan University,ECU Mt Lawley Campus,Location owned and operated by provider,2 Bradford St,,,,Mt Lawley,WA,6050
00279B,Edith Cowan University,ECU South West Campus (Bunbury),Location owned and operated by provider,585 Robertson Dr,,,,Bunbury,WA,6230
00300K,Charles Darwin University (CDU),Alice Springs Campus,Location owned and operated by provider,17 Grevillea Dr,,,,ALICE SPRINGS,NT,0830
00300K,Charles Darwin University (CDU),Casuarina Campus,Location owned and operated by provider,1 Ellengowan Dr,,,,CASUARINA,NT,0810
00300K,Charles Darwin University (CDU),CDU International College,Arrangement with Non Registered Provider,54-58 Cavenagh Street,,,,DARWIN CITY,NT,0800
00300K,Charles Darwin University (CDU),Danala Education and Community Precinct,Location owned and operated by provider,54-58 Cavenagh Street,,,,Darwin City,NT,0800
00300K,Charles Darwin University (CDU),"Level 11, 410 Ann Street (Brisbane campus)",Location owned and operated by provider,Level 11,410 Ann Street,,,Brisbane,QLD,4000
00300K,Charles Darwin University (CDU),"Levels 7-11, 815 George Street, Sydney",Location owned and operated by provider,"Level 10, 815 George Street",,,,Sydney,NSW,2000
00300K,Charles Darwin University (CDU),Palmerston Campus,Location owned and operated by provider,80 University Ave,,,,PALMERSTON,NT,0830
00300K,Charles Darwin University (CDU),Waterfront Campus,Location owned and operated by provider,21 Kitchener Dr,,,,DARWIN CITY,NT,0800
00301J,Curtin University,Curtin University of Technology,Location owned and operated by provider,Kent St,,,,Bentley,WA,6102
00301J,Curtin University,Curtin University of Technology Margaret River Campus,Location owned and operated by provider,272 Bussell Hwy,,,,Margaret River,WA,6102
00301J,Curtin University,Kalgoorlie Campus,Location owned and operated by provider,Egan St,,,,Kalgoorlie,WA,6430
00301J,Curtin University,Perth Campus (Graduate School of Business),Location owned and operated by provider,78 Murray St,,,,Perth,WA,6000
00306D,Marcus Oldham College,Marcus Oldham College,Location owned and operated by provider,145 Pigdons Rd,,,,WAURN PONDS,VIC,3216
00312F,SAE Institute Pty Ltd,SAE Adelaide,Location owned and operated by provider,15-19 Franklin Street,,,,Adelaide,SA,5000
00312F,SAE Institute Pty Ltd,SAE Brisbane,Location owned and operated by provider,41 Buchanan St,,,,West End,QLD,4101
00312F,SAE Institute Pty Ltd,SAE Byron Bay,Location owned and operated by provider,373 Ewingsdale Rd,,,,BYRON BAY,NSW,2481
00312F,SAE Institute Pty Ltd,SAE Melbourne,Location owned and operated by provider,235 Normanby Rd,,,,SOUTH MELBOURNE,VIC,3205
00312F,SAE Institute Pty Ltd,SAE Perth,Location owned and operated by provider,116 Roe St,,,,Northbridge,WA,6003
00312F,SAE Institute Pty Ltd,SAE Sydney,Location owned and operated by provider,39 Regent St,,,,Chippendale,NSW,2008
00561M,Educational Enterprises Australia Pty Ltd,Educational Enterprises Australia Pty Ltd Coglin Street Campus,Location owned and operated by provider,16 Coglin St,,,,Adelaide,SA,5000
00561M,Educational Enterprises Australia Pty Ltd,Educational Enterprises Australia Pty Ltd Franklin Street Campus,Location owned and operated by provider,15 Franklin St,,,,ADELAIDE,SA,5000
00561M,Educational Enterprises Australia Pty Ltd,"University of South Australia, City East Campus",Location owned and operated by provider,"University of South Australia, City East Campus",North Terrace,,,Adelaide,SA,5000
00586B,University of Tasmania (UTas),Cradle Coast,Location owned and operated by provider,16 Mooreville Rd,,,,Burnie,TAS,7320
00586B,University of Tasmania (UTas),Hobart,Location owned and operated by provider,Hytten Hall,University of Tasmania,French St,,SANDY BAY,TAS,7005
00586B,University of Tasmania (UTas),Launceston,Location owned and operated by provider,Level 1,Kerslake Hall,Newham Rd,Newham,LAUNCESTON,TAS,7248
00586B,University of Tasmania (UTas),Melbourne Study Centre,Arrangement with other registered provider,"Level 2 West, 655 Collins Street",Melbourne Study Centre,,,Docklands,VIC,3008
00586B,University of Tasmania (UTas),Sydney,Location owned and operated by provider,Corner of Church and Glover St,,,,Lilyfield,NSW,2040
00586B,University of Tasmania (UTas),Ultimo Study Centre,Arrangement with other registered provider,"Levels 10 and 11, 700 Harris Street",,,,Ultimo,NSW,2007
00586B,University of Tasmania (UTas),"UP Education - Sandy Bay Campus, Hobart",Arrangement with Non Registered Provider,University of Tasmania,Churchill Ave,,,Hobart,TAS,7005
00591E,Technical and Further Education Commission,TAFE NSW Albury,Location owned and operated by provider,636 Poole St,,,,ALBURY,NSW,2640
00591E,Technical and Further Education Commission,TAFE NSW Armidale - Beardy Street,Location owned and operated by provider,256 Beardy St,,,,ARMIDALE,NSW,2350
00591E,Technical and Further Education Commission,TAFE NSW Bankstown,Location owned and operated by provider,490 Chapel Rd,,,,BANKSTOWN,NSW,2200
00591E,Technical and Further Education Commission,TAFE NSW Bathurst,Location owned and operated by provider,368 Panorama Ave,,,,BATHURST,NSW,2795
00591E,Technical and Further Education Commission,TAFE NSW Blacktown,Location owned and operated by provider,131 Main St,,,,BLACKTOWN,NSW,2148
00591E,Technical and Further Education Commission,TAFE NSW Campbelltown,Location owned and operated by provider,181 Narallen Rd,,,,CAMPBELTOWN,NSW,2560
00591E,Technical and Further Education Commission,TAFE NSW Castle Hill,Location owned and operated by provider,2 Green Rd,,,,CASTLE HILL,NSW,2154
00591E,Technical and Further Education Commission,TAFE NSW Coffs Harbour - Glenreagh Street,Location owned and operated by provider,1 Glenreagh St,,,,COFFS HARBOUR,NSW,2450
00591E,Technical and Further Education Commission,TAFE NSW Coffs Harbour - Hogbin Drive,Location owned and operated by provider,363 Hogbin Dr,,,,COFFS HARBOUR,NSW,2450
00591E,Technical and Further Education Commission,TAFE NSW Dubbo,Location owned and operated by provider,75 Myall Street,,,,Dubbo,NSW,2830
00591E,Technical and Further Education Commission,TAFE NSW Enmore,Location owned and operated by provider,110 Edgeware Rd,,,,ENMORE,NSW,2042
00591E,Technical and Further Education Commission,TAFE NSW Glendale,Location owned and operated by provider,9 Frederick St,,,,CARDIFF,NSW,2285
00591E,Technical and Further Education Commission,TAFE NSW Granville,Location owned and operated by provider,136 William St,,,,GRANVILLE,NSW,2142
00591E,Technical and Further Education Commission,TAFE NSW Griffith,Location owned and operated by provider,4 Neville Pl,,,,Griffith,NSW,2680
00591E,Technical and Further Education Commission,TAFE NSW Hamilton,Location owned and operated by provider,91 Parry St,,,,NEWCASTLE WEST,NSW,2303
00591E,Technical and Further Education Commission,TAFE NSW Hornsby,Location owned and operated by provider,205 Pacific Hwy,,,,HORNSBY,NSW,2077
00591E,Technical and Further Education Commission,TAFE NSW Kingscliff,Location owned and operated by provider,806 Cudgen Rd,,,,KINGSCLIFF,NSW,2487
00591E,Technical and Further Education Commission,TAFE NSW Kingswood,Location owned and operated by provider,12 O'Connell St,,,,KINGSWOOD,NSW,2747
00591E,Technical and Further Education Commission,TAFE NSW Kurri Kurri,Location owned and operated by provider,8 Mcleod Rd,,,,KURRI KURRI,NSW,2327
00591E,Technical and Further Education Commission,TAFE NSW Lidcombe,Location owned and operated by provider,73 East St,,,,LIDCOMBE,NSW,2141
00591E,Technical and Further Education Commission,TAFE NSW Liverpool - College Street,Location owned and operated by provider,1 College St,,,,LIVERPOOL,NSW,2170
00591E,Technical and Further Education Commission,TAFE NSW Loftus,Location owned and operated by provider,1 Pitt St,,,,LOFTUS,NSW,2232
00591E,Technical and Further Education Commission,TAFE NSW Macquarie Fields,Location owned and operated by provider,32 Victoria Rd,,,,MACQUARIE FIELDS,NSW,2564
00591E,Technical and Further Education Commission,TAFE NSW Maitland,Location owned and operated by provider,11 Ferraby Drive,,,,Metford,NSW,2323
00591E,Technical and Further Education Commission,TAFE NSW Meadowbank,Location owned and operated by provider,55 See St,,,,MEADOWBANK,NSW,2114
00591E,Technical and Further Education Commission,TAFE NSW Miller,Location owned and operated by provider,152 Banks Rd,,,,MILLER,NSW,2168
00591E,Technical and Further Education Commission,TAFE NSW Mount Druitt,Location owned and operated by provider,67 North Pde,,,,MOUNT DRUITT,NSW,2770
00591E,Technical and Further Education Commission,TAFE NSW Murwillumbah - Murwillumbah Street,Location owned and operated by provider,117 Wollumbin St,,,,MURWILLUMBAH,NSW,2484
00591E,Technical and Further Education Commission,TAFE NSW Newcastle West,Location owned and operated by provider,590 Hunter St,,,,NEWCASTLE WEST,NSW,2302
00591E,Technical and Further Education Commission,TAFE NSW Nirimba,Location owned and operated by provider,Colebee St,,,,QUAKERS HILL,NSW,2763
00591E,Technical and Further Education Commission,TAFE NSW North Wagga Wagga,Location owned and operated by provider,26 Farrer Rd,,,,WAGGA WAGGA,NSW,2144
00591E,Technical and Further Education Commission,TAFE NSW Northern Beaches,Location owned and operated by provider,154 Old Pittwater Rd,,,,BROOKVALE,NSW,2100
00591E,Technical and Further Education Commission,TAFE NSW Nowra,Location owned and operated by provider,60 Beinda St,,,,BOMADERRY,NSW,2541
00591E,Technical and Further Education Commission,TAFE NSW Orange - March Street,Location owned and operated by provider,109 March St,,,,Orange,NSW,2800
00591E,Technical and Further Education Commission,TAFE NSW Ourimbah,Location owned and operated by provider,10 Chittaway Rd,,,,OURIMBAH,NSW,2258
00591E,Technical and Further Education Commission,TAFE NSW Padstow,Location owned and operated by provider,16 Raine Road,,,,Padstow,NSW,2211
00591E,Technical and Further Education Commission,TAFE NSW Petersham,Location owned and operated by provider,27 Crystal St,,,,PETERSHAM,NSW,2049
00591E,Technical and Further Education Commission,TAFE NSW Port Macquarie,Location owned and operated by provider,70 Widderson St,,,,PORT MACQUARIE,NSW,2444
00591E,Technical and Further Education Commission,TAFE NSW Randwick,Location owned and operated by provider,2 King St,,,,RANDWICK,NSW,2031
00591E,Technical and Further Education Commission,TAFE NSW Richmond,Location owned and operated by provider,2 College St,,,,RICHMOND,NSW,2753
00591E,Technical and Further Education Commission,TAFE NSW Ryde,Location owned and operated by provider,250 Blaxland Rd,,,,RYDE,NSW,2112
00591E,Technical and Further Education Commission,TAFE NSW Scone - Flemington Drive,Location owned and operated by provider,2 Flemington Dr,,,,SCONE,NSW,2337
00591E,Technical and Further Education Commission,TAFE NSW Shellharbour,Location owned and operated by provider,11 College Ave,,,,OAK FLATS,NSW,2529
00591E,Technical and Further Education Commission,TAFE NSW St George,Location owned and operated by provider,750 Princes Hwy,,,,KOGARAH,NSW,2217
00591E,Technical and Further Education Commission,TAFE NSW St Leonards,Location owned and operated by provider,213 Pacific Hwy,,,,ST LEONARDS,NSW,2065
00591E,Technical and Further Education Commission,TAFE NSW Surry Hills,Location owned and operated by provider,2 Chalmers St,,,,SURRY HILLS,NSW,2010
00591E,Technical and Further Education Commission,TAFE NSW Tamworth,Location owned and operated by provider,13 Janison Street,,,,Tamworth,NSW,2340
00591E,Technical and Further Education Commission,TAFE NSW Taree,Location owned and operated by provider,2 Montgomery Cres,,,,Taree,NSW,2430
00591E,Technical and Further Education Commission,TAFE NSW Thurgoona,Location owned and operated by provider,94 Ettamogah Rd,,,,Thurgoona,NSW,2640
00591E,Technical and Further Education Commission,TAFE NSW Tighes Hill,Location owned and operated by provider,266 Maitland Rd,,,,TIGHES HILL,NSW,2297
00591E,Technical and Further Education Commission,TAFE NSW Ultimo,Location owned and operated by provider,19 Mary Ann St,,,,ULTIMO,NSW,2007
00591E,Technical and Further Education Commission,TAFE NSW Wagga Wagga,Location owned and operated by provider,14 Coleman St,,,,Turvey Park,NSW,2650
00591E,Technical and Further Education Commission,TAFE NSW Wetherill Park,Location owned and operated by provider,941 The Horsley Dr,,,,WETHERILL PARK,NSW,2164
00591E,Technical and Further Education Commission,TAFE NSW Wollongbar,Location owned and operated by provider,61 Sneaths Rd,,,,WOLLONGBAR,NSW,2477
00591E,Technical and Further Education Commission,TAFE NSW Wollongong,Location owned and operated by provider,1 Foleys Lane,,,,WOLLONGONG,NSW,2500
00591E,Technical and Further Education Commission,TAFE NSW Wollongong West,Location owned and operated by provider,38 Gladstone Ave,,,,WOLLONGONG,NSW,2500
00591E,Technical and Further Education Commission,TAFE NSW WYONG,Location owned and operated by provider,1 Porter St,,,,WYONG,NSW,2259
00663E,Queensland School of Beauty Therapy Pty Ltd,Cleveland Road,Location owned and operated by provider,28-38 Old Cleveland Road,,,,Stones Corner,QLD,4120
00663E,Queensland School of Beauty Therapy Pty Ltd,"Level 1, 180 Logan Road, Woolloongabba, QLD 4102",Location owned and operated by provider,"Level 1, 180 Logan Road",,,,WOOLLOONGABBA,QLD,4102
00665C,The Australian Institute of Music Limited,"66 Harrington St, The Rocks, NSW 2000",Location owned and operated by provider,66 Harrington St,,,,The Rocks,NSW,2000
00665C,The Australian Institute of Music Limited,Melbourne Campus,Location owned and operated by provider,120 King St,,,,Melbourne,VIC,3000
00682B,Moore Theological College Council,Moore Theological College (Higher Ed operations),Location owned and operated by provider,1 King St,,,,NEWTOWN,NSW,2042
00724G,Melbourne Polytechnic,144 High St Prahran,Location owned and operated by provider,144 High St,,,,Prahran,VIC,3182
00724G,Melbourne Polytechnic,Civic Drive Greensborough VIC,Location owned and operated by provider,61 Civic Dr,,,,Greensborough,VIC,3088
00724G,Melbourne Polytechnic,Collingwood Campus,Location owned and operated by provider,20 Otter St,,,,Collingwood,VIC,3066
00724G,Melbourne Polytechnic,Epping Campus,Location owned and operated by provider,415 Dalton Rd,,,,Epping,VIC,3076
00724G,Melbourne Polytechnic,Fairfield Campus,Location owned and operated by provider,101 Yarra Bend Rd,,,,Fairfield,VIC,3078
00724G,Melbourne Polytechnic,Heidelberg Campus,Location owned and operated by provider,377 Waterdale Rd,,,,Heidelberg West,VIC,3081
00724G,Melbourne Polytechnic,Lort Smith Animal Hospital,Arrangement with Non Registered Provider,24 Villiers St,,,,North Melbourne,VIC,3051
00724G,Melbourne Polytechnic,Northern Lodge - Eden Park,Location owned and operated by provider,60 Glen Robin Ct,,,,Eden Park,VIC,3757
00724G,Melbourne Polytechnic,"Preston Campus - 77 - 91 St Georges Rd, Preston",Location owned and operated by provider,77 St Georges Rd,,,,Preston,VIC,3072
00756M,The National Institute of Dramatic Art (NIDA),The National Institute of Dramatic Art (Higher Ed Operations),Location owned and operated by provider,215 Anzac Pde,,,,KENSINGTON,NSW,2033
00756M,The National Institute of Dramatic Art (NIDA),The University of New South Wales,Arrangement with other registered provider,High St,Includes the Randwick campus at,"22/32 King St, Randwick NSW 2031",,Kensington,NSW,2052
00859D,UTS College Limited,Haymarket Campus,Location owned and operated by provider,"Level 13, UTS Building 10 (CB10)",235 Jones Street,,,Broadway,NSW,2007
00859D,UTS College Limited,UTS Building CB05,Location owned and operated by provider,UTS Building CB05,1 Quay Street,,,Haymarket,NSW,2000
00881F,Chisholm Institute,Berwick Campus - 25 Kangan Drive,Location owned and operated by provider,25 Kangan Dr,,,,BERWICK,VIC,3806
00881F,Chisholm Institute,Cranbourne Campus - New Holland Drive,Location owned and operated by provider,2 New Holland Dr,,,,CRANBOURNE,VIC,3977
00881F,Chisholm Institute,Dandenong Campus - 121 Stud Road,Location owned and operated by provider,121 Stud Rd,,,,DANDENONG,VIC,3175
00881F,Chisholm Institute,Dandenong Campus - 311 Lonsdale Street,Location owned and operated by provider,311 Lonsdale St,,,,Dandenong,VIC,3175
00881F,Chisholm Institute,Frankston Campus - Fletcher Road,Location owned and operated by provider,25 Fletcher Rd,,,,FRANKSTON,VIC,3199
00899G,Whitecliffe Institute of Creative Arts and Technology Pty,"55 Regent St, Chippendale NSW 2008",Location owned and operated by provider,55 Regent Street,,,,Chippendale,NSW,2008
00917K,Western Sydney University,ATMC- Melbourne,Arrangement with other registered provider,470 Bourke Street,,,,Melbourne,VIC,3000
00917K,Western Sydney University,Western Sydney University - Bankstown City,Location owned and operated by provider,74 Rickard Rd,,,,Bankstown,NSW,2200
00917K,Western Sydney University,Western Sydney University - Campbelltown,Location owned and operated by provider,Narellan Rd,,,,Campbelltown,NSW,2560
00917K,Western Sydney University,Western Sydney University - Hawkesbury,Location owned and operated by provider,"Student Centre, Building G7",Bourke St,,,RICHMOND,NSW,2753
00917K,Western Sydney University,Western Sydney University - Liverpool,Location owned and operated by provider,100 Macquarie St,,,,Liverpool,NSW,2170
00917K,Western Sydney University,Western Sydney University - Parramatta,Location owned and operated by provider,Cnr of Victoria Rd & James Ruse Dr,,,,Parramatta,NSW,2150
00917K,Western Sydney University,Western Sydney University - Parramatta City,Location owned and operated by provider,"169 Macquarie St,",100 George Street,6 Hassall Street,,Parramatta,NSW,2150
00917K,Western Sydney University,Western Sydney University - Penrith,Location owned and operated by provider,"Student Centre, Building I",Second Ave,,,KINGSWOOD,NSW,2747
00917K,Western Sydney University,Western Sydney University - Sydney City Campus,Arrangement with other registered provider,Level 4,255 Elizabeth St,,,Sydney,NSW,2000
00956C,Cass Training Pty Ltd,Cass Training International College,Location owned and operated by provider,48 Lime St,,,,SYDNEY,NSW,2000
00958A,Alphacrucis University College Limited,Alphacrucis College - 42 OKeefe Street,Location owned and operated by provider,42 OKeefe St,,,,WOOLLOONGABBA,QLD,4102
00958A,Alphacrucis University College Limited,Alphacrucis College - Baulkham Hills (Higher Ed) - Norwest Boulevard and Solent Circuit,Arrangement with other registered provider,cnr Norwest Boulevard and Solent Circuit,,,,BAULKHAM HILLS,NSW,2153
00958A,Alphacrucis University College Limited,"Alphacrucis College- 57 Darley Road, Paradise",Location owned and operated by provider,57 Darley Road,,,,Paradise,SA,5075
00958A,Alphacrucis University College Limited,Alphacrucis College Hobart,Arrangement with Non Registered Provider,45 Melville Street,,,,HOBART,TAS,7000
00958A,Alphacrucis University College Limited,Alphacrucis College Limited - 30 Cowper Street,Location owned and operated by provider,30 Cowper St,,,,PARAMATTA,NSW,2150
00958A,Alphacrucis University College Limited,Alphacrucis College Waterloo - 188 Young Street,Arrangement with other registered provider,188 Young St,,,,SYDNEY,NSW,2017
00958A,Alphacrucis University College Limited,"Level 4 350 Queen St, Melbourne VIC 3000",Arrangement with Non Registered Provider,350 Queen St,Level 4 ,,,Melbourne,VIC,3000
00986G,Perth Bible College (Inc),Perth Bible College (Inc),Location owned and operated by provider,1 College Ct,,,,Karrinyup,WA,6018
01016F,Christian Heritage College,Christian Heritage College,Location owned and operated by provider,322 Wecker Rd,,,,Carindale,QLD,4122
01020K,UNSW Global Pty Limited,UNSW College (Kensington),Location owned and operated by provider,Building L5 and Blockhouse,UNSW Sydney Campus,223 Anzac Pde,,KENSINGTON,NSW,2033
01032F,The University of Notre Dame Australia,The University of Notre Dame Australia - Broadway,Location owned and operated by provider,Pioneer House,128-140 Broadway,,,BROADWAY,NSW,2007
01032F,The University of Notre Dame Australia,The University of Notre Dame Australia - Broome,Location owned and operated by provider,88 Guy St,,,,Broome,WA,6725
01032F,The University of Notre Dame Australia,The University of Notre Dame Australia - Darlinghurst,Location owned and operated by provider,160 Oxford St,,,,Darlinghurst,NSW,2010
01032F,The University of Notre Dame Australia,The University of Notre Dame Australia - Fremantle,Location owned and operated by provider,19 Mouat St,,,,FREMANTLE,WA,6160
01037A,University of Divinity,Catholic Theological College,Location owned and operated by provider,278 Victoria Pde,,,,East Melbourne,VIC,3002
01037A,University of Divinity,Pilgrim Theological College,Location owned and operated by provider,29 College Cres,,,,Parkville,VIC,3052
01037A,University of Divinity,St Barnabas College,Location owned and operated by provider,18 King William Rd,,,,North Adelaide,SA,5006
01037A,University of Divinity,Trinity College,Location owned and operated by provider,100 Royal Parade,,,,Parkville,VIC,3052
01037A,University of Divinity,Whitley College,Location owned and operated by provider,50 The Avenue,,,,Parkville,VIC,3052
01037A,University of Divinity,Yarra Theological Union,Location owned and operated by provider,98 Albion Road,,,,Box Hill,VIC,3128
01108B,Australian Academy of Music and Performing Arts,AMPA Surry Hills,Location owned and operated by provider,136 Chalmers St,,,,Surry Hills,NSW,2010
01241G,Southern Cross University (SCU),Coffs Harbour,Location owned and operated by provider,Coffs Harbour Education Campus,Hogbin Dr,,,Coffs Harbour,NSW,2457
01241G,Southern Cross University (SCU),Coomera,Arrangement with other registered provider,198 Foxwell Rd,,,,COOMERA,QLD,4209
01241G,Southern Cross University (SCU),Gold Coast Airport Development Park - Bilinga,Location owned and operated by provider,Gold Coast Aiport Development Park,144 Coolangatta Rd,,,BILINGA,QLD,4225
01241G,Southern Cross University (SCU),Lismore,Location owned and operated by provider,Military Rd,,,,EAST LISMORE,NSW,2480
01241G,Southern Cross University (SCU),National Marine Science Centre,Location owned and operated by provider,Bay Dr,Charlesworth Bay,,,COFFS HARBOUR,NSW,2457
01241G,Southern Cross University (SCU),SCU Perth,Arrangement with Non Registered Provider,Ground Floor and Level 1,297 Hay St,,,Perth,WA,6004
01241G,Southern Cross University (SCU),SCU Perth,Location owned and operated by provider,Level 2,503 Murray Street,,,Perth,WA,6000
01241G,Southern Cross University (SCU),The Hotel School Brisbane,Arrangement with Non Registered Provider,"Level 13, 127 Creek St",,,,Brisbane,QLD,4000
01241G,Southern Cross University (SCU),The Hotel School Gold Coast,Location owned and operated by provider,Gold Coast Airport Development Park - Bilinga,,,,Bilinga,QLD,4000
01241G,Southern Cross University (SCU),The Hotel School Melbourne,Arrangement with Non Registered Provider,"Level 3, 399 Lonsdale St",,,,Melbourne,VIC,3000
01241G,Southern Cross University (SCU),The Hotel School Sydney,Arrangement with Non Registered Provider,"Ground floor and Level 1-3, 60 Phillip St",,,,SYDNEY,NSW,2000
01259J,JMC Pty Limited,"69 and 75 Grey St, Brisbane",Location owned and operated by provider,69 Grey St,,,,SOUTH BRISBANE,QLD,4101
01259J,JMC Pty Limited,Melbourne,Location owned and operated by provider,171 Bank St,,,,SOUTH MELBOURNE,VIC,3205
01259J,JMC Pty Limited,Sydney,Location owned and operated by provider,561 Harris St,,,,Ultimo,NSW,2007
01328A,ACAP University College,ACAP Adelaide Campus,Location owned and operated by provider,15-19 Franklin Street,,,,Adelaide,SA,5000
01328A,ACAP University College,ACAP Brisbane Campus,Location owned and operated by provider,41 Buchanan Street,(corner Jane Street and Riverside Drive),,,WEST END,QLD,4101
01328A,ACAP University College,ACAP Melbourne Campus,Location owned and operated by provider,"Levels 2-3, 222 Bourke Street",,,,Melbourne,VIC,3000
01328A,ACAP University College,ACAP Perth Campus,Location owned and operated by provider,Level 3/116-120 Roe St,,,,Northbridge,WA,6003
01328A,ACAP University College,ACAP Sydney Campus,Location owned and operated by provider,"Levels 8, 11 and 12",255 Elizabeth St,,,SYDNEY,NSW,2000
01331F,Young Rabbit Pty Ltd,Australian Pacific College (Hickson Rd),Location owned and operated by provider,18 Hickson Rd,,,,DAWES POINT,NSW,2000
01331F,Young Rabbit Pty Ltd,Australian Pacific College (L1 King William St),Location owned and operated by provider,Level 1 29 King William St,,,,ADELAIDE,SA,5000
01331F,Young Rabbit Pty Ltd,Australian Pacific College (L1 Queen St),Location owned and operated by provider,"Level 1, 221 Queen Street",,,,MELBOURNE,VIC,3000
01331F,Young Rabbit Pty Ltd,Australian Pacific College (L3 Beach Rd),Location owned and operated by provider,9 Beach Rd,Level 3 ,,,SURFERS PARADISE,QLD,4217
01331F,Young Rabbit Pty Ltd,Australian Pacific College (L3 Clarence St),Location owned and operated by provider,123 Clarence St,Level 3,,,SYDNEY,NSW,2000
01331F,Young Rabbit Pty Ltd,Australian Pacific College (L9 Queen St),Location owned and operated by provider,221 Queen St,Level 9 ,,,MELBOURNE,VIC,3000
01331F,Young Rabbit Pty Ltd,"Australian Pacific College (L9,10,12,13 Albert St)",Location owned and operated by provider,138 Albert St,"Level 9, 10, 12, 13",,,BRISBANE,QLD,4000
01331F,Young Rabbit Pty Ltd,Australian Pacific College (LG Kent St),Location owned and operated by provider,189 Kent St,Level G,,,SYDNEY,NSW,2000
01331F,Young Rabbit Pty Ltd,Australian Pacific College (Sydney Rd) (RTO Operations),Location owned and operated by provider,48 Sydney Rd,,,Lot 98,MANLY,NSW,2095
01331F,Young Rabbit Pty Ltd,Australian Pacific College(L3 L5 WIlliam St Melbourne),Location owned and operated by provider,Level 3 and 5 255 William St,,,,MELBOURNE,VIC,3000
01331F,Young Rabbit Pty Ltd,Level 1 115 Grenfell St ADELAIDE SA 5000,Location owned and operated by provider,Level 1 115 Grenfell St,,,,ADELAIDE,SA,5000
01484M,"International College of Management, Sydney Pty Limited","International College of Management (151 Darley Road, Manly)",Location owned and operated by provider,151 Darley Rd,,,,MANLY,NSW,2095
01484M,"International College of Management, Sydney Pty Limited","Manning Building, Level 4, 451 Pitt Street Sydney",Location owned and operated by provider,Level 4,451 Pitt St,,,Sydney,NSW,2000
01484M,"International College of Management, Sydney Pty Limited",Sydney Academy of Sport and Recreation,Location owned and operated by provider,Wakehurst Pkwy,,,,Narrabeen,NSW,2101
01505M,William Angliss Institute of TAFE,11 Bowden Street Alexandria NSW 2015,Location owned and operated by provider,11 Bowden St,,,,Alexandria,NSW,2015
01505M,William Angliss Institute of TAFE,William Angliss Institute of TAFE,Location owned and operated by provider,555 La Trobe St,,,,MELBOURNE,VIC,3000
01515J,QIBA Pty Ltd,Level 1 15 Moore Street,Location owned and operated by provider,"Level 1, 15 Moore Street",,,,CANBERRA,ACT,2601
01515J,QIBA Pty Ltd,SYDNEY CBD CAMPUS - Level 5,Location owned and operated by provider,"Level 5, 532-540 George Street",,,,Sydney,NSW,2000
01544D,Actors College of Theatre and Television Pty Ltd,Level 1 11-13 Aird St PARRAMATTA,Location owned and operated by provider,Level 1 and 2,11-13 Aird St,,,Parramatta,NSW,2150
01545C,Melbourne Institute of Technology Pty Ltd,"288 La Trobe St, Melbourne",Location owned and operated by provider,288 La Trobe St,,,,Melbourne,VIC,3000
01545C,Melbourne Institute of Technology Pty Ltd,MIT Sydney Language Centre (ELICOS Operations) (Sussex Street),Location owned and operated by provider,Levels 1 to 7,154 Sussex St,,,SYDNEY,NSW,2000
01595D,University of the Sunshine Coast,UniSC Adelaide,Arrangement with other registered provider,182 Victoria Square,,,,Adelaide,SA,5000
01595D,University of the Sunshine Coast,UniSC Caboolture,Location owned and operated by provider,80106 Tallon Street,,,,Caboolture,QLD,4510
01595D,University of the Sunshine Coast,UniSC Fraser Coast,Location owned and operated by provider,161 Old Maryborough Rd,,,,Hervey Bay,QLD,4655
01595D,University of the Sunshine Coast,UniSC Gympie,Location owned and operated by provider,71 Cartwright Rd,,,,Gympie,QLD,4570
01595D,University of the Sunshine Coast,UniSC Moreton Bay,Location owned and operated by provider,1 Moreton Parade,,,,Petrie,QLD,4502
01595D,University of the Sunshine Coast,UniSC Sunshine Coast,Location owned and operated by provider,90 Sippy Downs Drive,,,,SIPPY DOWNS,QLD,4556
01718J,BPP Institute Pty Ltd,"Levels 3, 4, 5, 7 & 9/108 Lonsdale St",Location owned and operated by provider,"Levels 3,4,5,6,7 & 9/108  Lonsdale St.",,,,Melbourne,VIC,3000
01768K,Sydney Institute of Health Sciences Pty Ltd,Sydney Institute of Traditional Chinese Medicine,Location owned and operated by provider,25 Dixon St,"Level 5, 6",,Offices 601 & 602,HAYMARKET,NSW,2000
01774A,ASHT Pty Ltd,ASHT Pty Ltd,Location owned and operated by provider,97 Pirie St,,,,ADELAIDE,SA,5000
01774A,ASHT Pty Ltd,GF 97 Pirie St Kitchen,Location owned and operated by provider,Suite 2 Ground Floor 97 Pirie Street,,,,Adelaide,SA,5000
01774A,ASHT Pty Ltd,"Grenfell 115 - Level 1, 115 Grenfell St Adealaide SA 5000",Location owned and operated by provider,"Level 1, 115 Grenfell St",,,,Adelaide,SA,5000
01774A,ASHT Pty Ltd,Surry Hills Kitchen,Location owned and operated by provider,421-423 Elizabeth St,,,,SURRY HILLS,NSW,2010
01774A,ASHT Pty Ltd,"Sydney Haymarket Campus - Suite 2, Level 4 187 Thomas St",Location owned and operated by provider,Suite 2 Level 4 187 Thomas St,,,,HAYMARKET,NSW,2000
01796F,Cambridge Academy of English Pty Ltd,Brisbane Campus,Location owned and operated by provider,Office 1 Level 5 269 Wickham St,,,,FORTITUDE VALLEY,QLD,4006
01822J,ACPE Limited,Sydney Olympic Park,Location owned and operated by provider,10 Parkview Dr,,,,Sydney Olympic Park,NSW,2127
01856K,Wells International College Pty Ltd,Alexandria Kitchen,Location owned and operated by provider,10/30-32 Beaconsfield St,,,,Alexandria,NSW,2015
01856K,Wells International College Pty Ltd,Brisbane Kitchen,Location owned and operated by provider,92 Commercial Rd,,,,Teneriffe,QLD,4005
01856K,Wells International College Pty Ltd,Sydney Fish Market Kitchen,Location owned and operated by provider,"Level 1, Waterfront Arcade, Bank St",,,,Pyrmont,NSW,2001
01856K,Wells International College Pty Ltd,Wells International College Pty Ltd (Adelaide Street),Arrangement with other registered provider,316 Adelaide St,Level 2,,,BRISBANE,QLD,4000
01856K,Wells International College Pty Ltd,Wells International College Pty Ltd (Sussex Street) (RTO Operations),Location owned and operated by provider,101 Sussex St,Level G,,,SYDNEY,NSW,2000
01994M,Magill College Pty Ltd,Magill College Sydney (George Street) (RTO Operations),Location owned and operated by provider,Magill College Pty Ltd,Level 4 695-699 George St,,,HAYMARKET,NSW,2000
01994M,Magill College Pty Ltd,Magill College Sydney (Sussex Street) (RTO Operations),Location owned and operated by provider,Level 4,388-390 Sussex St,,,SYDNEY,NSW,2000
02015K,Bureau of Meteorology,Bureau of Meteorology Training Centre,Location owned and operated by provider,700 Collins St,,,,DOCKLANDS,VIC,3008
02044E,Victorian Institute of Technology Pty Ltd,157-161 Gloucester Street,Location owned and operated by provider,157-161 Gloucester Street,,,,The Rocks,NSW,2000
02044E,Victorian Institute of Technology Pty Ltd,"413 Johnston Street, Abbotsford",Location owned and operated by provider,413 Johnston St,,,,Abbotsford,VIC,3067
02044E,Victorian Institute of Technology Pty Ltd,"Level 1, 191 Ryrie Street Geelong",Location owned and operated by provider,"Level 1, 191 Ryrie St",,,,Geelong,VIC,3220
02044E,Victorian Institute of Technology Pty Ltd,"Level 5, 101 Grenfell Street, Adelaide SA 5000",Location owned and operated by provider,"Level 5, 101 Grenfell Street",,,,Adelaide,SA,5000
02044E,Victorian Institute of Technology Pty Ltd,"Levels 3, 10, 11,14, 123 Queen Street",Location owned and operated by provider,123 Queen St,"Level 3, 11, 14",,,Melbourne,VIC,3000
02044E,Victorian Institute of Technology Pty Ltd,"Levels 6,7,8, 118 Queen Street",Location owned and operated by provider,118 Queen St,"Level 6, 7, 8",,,Melbourne,VIC,3000
02044E,Victorian Institute of Technology Pty Ltd,"Levels 6,7,8,9 & 10/235 Queen St",Location owned and operated by provider,235 Queen St,"Level 6, 7, 8, 9, 10",,,Melbourne,VIC,3000
02044E,Victorian Institute of Technology Pty Ltd,THE ROCKS SYDNEY,Location owned and operated by provider,"157-161, Gloucester St, The Rocks,",,,,Sydney,NSW,2000
02123F,Youth with a Mission (Perth) Inc,"6-10 Gladstone Street, East Perth",Location owned and operated by provider,6 Gladstone St,,,,PERTH,WA,6000
02123F,Youth with a Mission (Perth) Inc,"9 Robertson Street, East Perth",Location owned and operated by provider,9 Robertson St,,,,Perth,WA,6000
02140E,Sydney School of Business and Technology Pty Ltd,Suite 1 Basement 445 Upper Edward St SPRING HILL QLD 4000,Location owned and operated by provider,Suite 1 Basement 445 Upper Edward St,,,,SPRING HILL,QLD,4000
02140E,Sydney School of Business and Technology Pty Ltd,"Suite 203, Level 2, 9 Bay Street, Southport",Location owned and operated by provider,9 Bay St,Level 2,,,Southport,QLD,4215
02140E,Sydney School of Business and Technology Pty Ltd,"Suite 404, Level 4, 4 Railway Parade, Burwood 2134 NSW",Location owned and operated by provider,Unit 4 4 Railway Pde,,,,Burwood,NSW,2134
02155J,Academy of Interactive Technology,"Level 8, 12, 13, 120 Spencer St Melbourne",Location owned and operated by provider,120 Spencer St,"Level 8, 12, 13",,,MELBOURNE,VIC,3000
02155J,Academy of Interactive Technology,"Lvl 2, 7 Kelly Street, Ultimo",Location owned and operated by provider,7 Kelly St,Level 2,,,ULTIMO,NSW,2007
02193C,South Australian Institute of Business and Technology Pty Ltd,"University of South Australia, City East Campus",Arrangement with other registered provider,University of South Australia,City East Campus,North Terrace,,ADELAIDE,SA,5000
02193C,South Australian Institute of Business and Technology Pty Ltd,"University of South Australia, City West Campus",Arrangement with other registered provider,Level 7 and 8,195 North Terrace,,,Adelaide,SA,5000
02201G,LCI Melbourne Pty Ltd,LCI Melbourne Pty Ltd,Location owned and operated by provider,150 Oxford St,,,,Collingwood,VIC,3066
02224A,Leo Cussen Institute,"15 William Street, Melbourne 3000",Location owned and operated by provider,15 William St,Level 15 and 16,,,Melbourne,VIC,3000
02224A,Leo Cussen Institute,Leo Cussen Institute,Location owned and operated by provider,360 Little Bourke St,,,,MELBOURNE,VIC,3000
02225M,University of Southern Queensland,USQ - Sydney Education Centre (Bellevue St),Location owned and operated by provider,29-35 Bellevue St,"Levels 1,3 and 5",,,SURRY HILLS,NSW,2010
02370B,Dynamic Management Group Pty Ltd,48 Althaus Rd Westbrook QLD 4350,Location owned and operated by provider,48 Althaus Rd,,,,Westbrook,QLD,4350
02370B,Dynamic Management Group Pty Ltd,53-59 West St NEWTOWN QLD 4350,Location owned and operated by provider,53 West St,,,,NEWTOWN,QLD,4350
02380M,Le Cordon Bleu Australia Pty Limited,Chadstone Campus,Arrangement with other registered provider,Le Cordon Bleu Australia,Building 6,Chadstone Campus,Corner of Batesford and Warrigal Roads,Chadstone,VIC,3148
02380M,Le Cordon Bleu Australia Pty Limited,Holmesglen Institute Moorabbin Campus,Arrangement with other registered provider,488 South Rd,,,,MOORABIN,VIC,3189
02380M,Le Cordon Bleu Australia Pty Limited,TAFE NSW - NSI Ryde College,Arrangement with other registered provider,250 Blaxland Rd,,,,RYDE,NSW,2112
02380M,Le Cordon Bleu Australia Pty Limited,TAFE QSLD Southbank Campus,Arrangement with other registered provider,66 Ernest St,,,,SOUTH BRISBANE,QLD,4101
02380M,Le Cordon Bleu Australia Pty Limited,TAFE SA Regency Campus SA,Arrangement with other registered provider,137 Days Rd,,,,REGENCY PARK,SA,5010
02380M,Le Cordon Bleu Australia Pty Limited,"University of South Australia, City West Campus",Arrangement with other registered provider,101 Currie St,,,,ADELAIDE,SA,5000
02403J,The Queensland Institute of Commerce and Technology Pty Ltd,Clayton South,Location owned and operated by provider,24 Graham Rd,,,,Clayton South,VIC,3169
02403J,The Queensland Institute of Commerce and Technology Pty Ltd,JEFFCOTT STREET WEST MEBLOURNE,Arrangement with other registered provider,11-17 Jeffcott Street,,,,West Melbourne,VIC,3003
02403J,The Queensland Institute of Commerce and Technology Pty Ltd,Level 9 601 Bourke St MELBOURNE,Arrangement with Non Registered Provider,Level 9 601 Bourke St,,,,MELBOURNE,VIC,3000
02406F,The Academy of Interactive Entertainment Ltd,18 Siddeley St - World Trade Centre,Location owned and operated by provider,"Tower 4,","Levels: Atrium, 1, 2, 3",World Trade Centre,18- 38 Siddeley St,Docklands,VIC,3008
02406F,The Academy of Interactive Entertainment Ltd,22-36 Mountain Street - Ultimo,Location owned and operated by provider,22 - 36 Mountain Street,,,,ULTIMO,NSW,2007
02406F,The Academy of Interactive Entertainment Ltd,"32 Grenfell St - Level  2, 3, 5, 32 ADELAIDE",Location owned and operated by provider,32 Grenfell St,"Level 1, 2, 3, 5 & 7",,,ADELAIDE,SA,5000
02406F,The Academy of Interactive Entertainment Ltd,33 Mountain St - Sydney Campus,Location owned and operated by provider,33 Mountain St,,,,ULTIMO,NSW,2007
02406F,The Academy of Interactive Entertainment Ltd,44 Pirie St ADELAIDE - Adelaide Campus,Location owned and operated by provider,"level 2, 44 Pirie St",,,,ADELAIDE,SA,5000
02406F,The Academy of Interactive Entertainment Ltd,49 Phillip Ave - Watson,Location owned and operated by provider,49 Phillip Ave,,,,WATSON,ACT,2602
02411J,Box Hill Institute,"1 Second Avenue, Moorabbin Airport,",Location owned and operated by provider,1 Second Ave,,,,Moorabbin,VIC,3194
02411J,Box Hill Institute,Box Hill Institute of TAFE - 465 Elgar Rd,Location owned and operated by provider,465 Elgar Rd,,,,BOX HILL,VIC,3128
02411J,Box Hill Institute,City Campus - 253 Flinders Lane,Location owned and operated by provider,253 Flinders Lane,,,,Melbourne,VIC,3000
02411J,Box Hill Institute,Lilydale Lakeside Campus - 1 Jarlo Dr,Location owned and operated by provider,1 Jarlo Dr,,,,Lilydale,VIC,3140
02426B,Kaplan Business School Pty Ltd,"132 Grenfell Street, Adelaide",Location owned and operated by provider,132 Grenfell Street,,,,Adelaide,SA,5000
02426B,Kaplan Business School Pty Ltd,"369 Ann St Ground Floor,Level 4 and Level 5",Location owned and operated by provider,369 Ann St,"Ground Floor, Level 5",,,Brisbane,QLD,4000
02426B,Kaplan Business School Pty Ltd,"Australia Fair Commercial Tower, Level 8, 36 Marine Parade, Southport, QLD 4215",Location owned and operated by provider,Australia Fair Commercial Tower,"Level 8, Suite 8001A",36 Marine Parade,,Southport,QLD,4215
02426B,Kaplan Business School Pty Ltd,"Level 2, 297 Hay Street, East Perth, WA 6004",Location owned and operated by provider,"Level 2, 297 Hay Street",,,,East Perth,WA,6004
02426B,Kaplan Business School Pty Ltd,"Level 4, 56 York Street, Sydney, NSW 2000",Location owned and operated by provider,"Level 4, 56 York Street",,,,Sydney,NSW,2000
02426B,Kaplan Business School Pty Ltd,"Levels 1 & 2, 55 Elizabeth Street, Sydney NSW 2000",Location owned and operated by provider,"Levels 1 & 2, 55 Elizabeth Street",,,,Sydney,NSW,2000
02426B,Kaplan Business School Pty Ltd,"Levels 1,7 & 9, 68 Grenfell Street, Adelaide",Location owned and operated by provider,"Levels 1 & 9, 68 Grenfell Street",,,,ADELAIDE,SA,5000
02426B,Kaplan Business School Pty Ltd,"Levels 4, 5 & 6, 370 Docklands Drive, Docklands",Location owned and operated by provider,370 Docklands Dr,"Level 4, 5 & 6",,,DOCKLANDS,VIC,3008
02426B,Kaplan Business School Pty Ltd,"Levels Ground, 1, 2, 4, 6,10 William Street, Perth, WA 6000",Location owned and operated by provider,10 William Street,"Levels Ground, 1, 2, 3, 4, 6 and 10",,,Perth,WA,6000
02439G,Academies Australasia Polytechnic Pty Limited,"Level 1, 116-120 Roe Street, Northbridge, WA",Location owned and operated by provider,"Level 1, 116-120 Roe Street",,,,Northbridge,WA,6003
02439G,Academies Australasia Polytechnic Pty Limited,"Level 2, 4-10 Goulburn Street, Sydney, NSW, 2000",Location owned and operated by provider,"Level 2, 4-10 Goulburn Street",,,,Sydney,NSW,2000
02439G,Academies Australasia Polytechnic Pty Limited,"Level 6, 505 George Street, Sydney, NSW 2000",Location owned and operated by provider,"Level 6, 505 George Street,",,,,Sydney,NSW,2000
02439G,Academies Australasia Polytechnic Pty Limited,"Level G, 1, 7 & 8, 628 Bourke Street, Melbourne",Location owned and operated by provider,628 Bourke St,"Level G, 1, 7, 8",,,Melbourne,VIC,3000
02439G,Academies Australasia Polytechnic Pty Limited,Swanston Street,Location owned and operated by provider,488 Swanston St,,,,MELBOURNE,VIC,3000
02475D,Victoria University,Victoria University Brisbane,Arrangement with Non Registered Provider,269 Wickham Street,"Ground, Level1,2 and 3",,,Fortitude Valley,QLD,4006
02475D,Victoria University,Victoria University Sydney City Centre,Arrangement with Non Registered Provider,160-166 Sussex Street,"Ground Floor, Levels 1, 2, 3, 4, 8 and 9",,,Sydney,NSW,2000
02491D,Top Education Group Ltd,"131 Harold Street, Highgate WA 6003",Location owned and operated by provider,"Lot 131, 131 Harold Street",,,,Highgate,WA,6003
02491D,Top Education Group Ltd,"350-354 Albany Highway, Victoria Park, WA 6100",Location owned and operated by provider,350-354 Albany Highway,,,,Victoria Park,WA,6100
02491D,Top Education Group Ltd,"Bay 3, 2 Locomotive Street Eveleigh, NSW, 2015",Location owned and operated by provider,"Bay 3, 2 Locomotive Street",Australian Technology Park,,,Eveleigh,NSW,2015
02491D,Top Education Group Ltd,"Ground Unit 1, 73-81 Murray St, Hobart TAS 7000",Location owned and operated by provider,73-81 Murray Street,Ground Unit 1,,,Hobart,TAS,7000
02491D,Top Education Group Ltd,"Level 3, 3 Central Avenue, Eveleigh",Location owned and operated by provider,"Level 3, 3 Central Avenue",,,,Eveleigh,NSW,2015
02494A,Rabarl Pty Ltd,ACAH Cairns - 67 Lake St,Location owned and operated by provider,67 Lake St,Level 3,,,Cairns,QLD,4870
02494A,Rabarl Pty Ltd,ACAH Melbourne - 55 Swanston St,Location owned and operated by provider,55 Swanston St,Level 11,,,MELBOURNE,VIC,3000
02494A,Rabarl Pty Ltd,"ACAH RiverLand - Belgravia Leisure, The Precinct Loxton",Location owned and operated by provider,"Belgravia Leisure, The Precinct Loxton",Bookpurnong Road,,,LOXTON,SA,5333
02506B,Australian National Institute of Business & Technology Pty Ltd,"Brunswick campus - Unit 2, 3 & 4 306 Albert Street, Brunswick",Arrangement with Non Registered Provider,306 Albert St,"Unit 2, 3 & 4",,,Brunswick,VIC,3056
02506B,Australian National Institute of Business & Technology Pty Ltd,"City campus - 13, 474 Flinders Street, Melbourne",Arrangement with Non Registered Provider,474 Flinders St,13,,,MELBOURNE,VIC,3000
02543G,Kingston International College Pty Ltd,Kingston International College - 131 Harold St,Location owned and operated by provider,131 Harold St,,,,HIGHGATE,WA,6003
02571D,Group Colleges Australia Pty Ltd,"Ground Floor and Level 3, 187189 Thomas Street, Haymarket, NSW 2000 (Higher Education)",Location owned and operated by provider,"Ground Floor and Level 3, 187-189 Thomas Street",,,,Haymarket,NSW,2000
02571D,Group Colleges Australia Pty Ltd,"Level 2, 222 Bourke St, Melbourne, VIC (Higher Education)",Location owned and operated by provider,222 Bourke St,Level 2,,,Melbourne,VIC,3000
02571D,Group Colleges Australia Pty Ltd,"Level 3,137 Days Road, Regency Park, SA 5010 (Higher Education)",Location owned and operated by provider,"Level 3,137 Days Road",,,,Regency Park,SA,5010
02599C,Australian Academy of Commerce Pty Ltd,"Level 7, 11-17 York St SYDNEY NSW 2000",Location owned and operated by provider,"Level 7, 11-17 York St",,,,SYDNEY,NSW,2000
02615G,Brisbane College of Australia Pty Ltd,"Level 5, 160 Edward Street, Brisbane",Location owned and operated by provider,160 Edward St,Level 5,,,BRISBANE,QLD,4000
02639M,Holmes Institute Pty Ltd,Holmes Institute Pty Ltd,Location owned and operated by provider,185 Spring St,,,,MELBOURNE,VIC,3000
02644C,Education Centre of Australia Pty Ltd,"655 Collins St, Docklands",Location owned and operated by provider,655 Collins St,"Upper Ground, Levels 2 & 3",,,Docklands,VIC,3008
02644C,Education Centre of Australia Pty Ltd,"Ground Level & Level 3, 269 Wickham St Fortitude Valley, Brisbane",Location owned and operated by provider,Ground Level & Level 3,269 Wickham St,,,Fortitude Valley,QLD,4006
02644C,Education Centre of Australia Pty Ltd,"Level 10, 182 Victoria Square, Adelaide SA 5000",Location owned and operated by provider,"Level 10,182 Victoria Square",,,,Adelaide,SA,5000
02644C,Education Centre of Australia Pty Ltd,"Level 4, 1-3 Fitzwilliam Street, Parramatta",Location owned and operated by provider,1 Fitzwilliam St,Level 4,,,Parramatta,NSW,2150
02644C,Education Centre of Australia Pty Ltd,Sydney (Ultimo) - 700 Harris St ULTIMO NSW 2007,Location owned and operated by provider,"Levels 10 & 11, 700 Harris St.",,,,Ultimo,NSW,2007
02644C,Education Centre of Australia Pty Ltd,"Sydney Levels 1 & 2, 160-166 Sussex Street",Location owned and operated by provider,160 Sussex St,Level 1,,,Sydney,NSW,2000
02650E,Australian University of Theology Limited,Brisbane School of Theology,Arrangement with Non Registered Provider,1 Cross Street,,,,TOOWONG,QLD,4066
02650E,Australian University of Theology Limited,Chinese Theological College Australia,Arrangement with Non Registered Provider,"1, Clarence Street",,,,Burwood,NSW,2134
02650E,Australian University of Theology Limited,Christ College,Arrangement with Non Registered Provider,1 Clarence St,,,,BURWOOD,NSW,2134
02650E,Australian University of Theology Limited,Melbourne School of Theology - Wantirna campus,Arrangement with other registered provider,5 Burwood Highway,,,,Wantirna,VIC,3152
02650E,Australian University of Theology Limited,Morling College - Macquarie Park campus,Arrangement with other registered provider,122 Herring Rd,,,,MACQUARIE PARK,NSW,2113
02650E,Australian University of Theology Limited,Morling College - Perth campus,Arrangement with other registered provider,20 Hayman Road,,,,BENTLEY,WA,6102
02650E,Australian University of Theology Limited,Morling College: Brisbane Campus,Arrangement with Non Registered Provider,53 Prospect Road,,,,GAYTHORNE,QLD,4051
02650E,Australian University of Theology Limited,Presbyterian Theological College,Arrangement with Non Registered Provider,684 Elgar Road,,,,Box Hill North,VIC,3129
02650E,Australian University of Theology Limited,Queensland Theological College,Arrangement with Non Registered Provider,369 Boundary Street,,,,Spring Hill,QLD,4000
02650E,Australian University of Theology Limited,Reformed Theological College,Arrangement with Non Registered Provider,221 Queen St,Level 3,,,Melbourne,VIC,3000
02650E,Australian University of Theology Limited,Ridley College,Arrangement with Non Registered Provider,170 The Avenue,,,,Parkville,VIC,3052
02650E,Australian University of Theology Limited,Sydney Missionary & Bible College (Croydon Park),Arrangement with Non Registered Provider,140 Croydon Ave,,,,Croydon Park,NSW,2133
02650E,Australian University of Theology Limited,Sydney Missionary and Bible College (Croydon),Arrangement with Non Registered Provider,43 Badminton Rd,,,,CROYDON,NSW,2132
02650E,Australian University of Theology Limited,Trinity Theological College,Arrangement with Non Registered Provider,632-634 Newcastle Street,,,,LEEDERVILLE,WA,6007
02650E,Australian University of Theology Limited,Youthworks College (Camperdown),Arrangement with Non Registered Provider,22 Carillon Avenue,,,,Camperdown,NSW,2232
02657J,Macquarie Education Group Australia Pty Ltd,MEGA Education,Location owned and operated by provider,225 Clarence St,"Level 2, 4, 8, 9, 10",,,SYDNEY,NSW,2000
02658G,Logic Entity Australia Pty Ltd,ADELAIDE,Location owned and operated by provider,Level 11 118 King William St,,,,ADELAIDE,SA,5000
02658G,Logic Entity Australia Pty Ltd,"KENT ST, SYDNEY - Level 1 545-553 Kent St SYDNEY NSW 2000",Location owned and operated by provider,Level 1 545-553 Kent St,,,,SYDNEY,NSW,2000
02664K,Excelsia University College,"1 City View Road, Pennant Hills NSW 2120",Location owned and operated by provider,1 City View Road,,,,Pennant Hills,NSW,2120
02668F,Pacific College Pty Ltd,Pacific College (Auburn) (RTO Operations),Location owned and operated by provider,91 Rawson St,"Level 1, 2",,,AUBURN,NSW,2144
02668F,Pacific College Pty Ltd,Pacific College Sydney City Campus,Location owned and operated by provider,Level 1 363 Pitt St,,,,SYDNEY,NSW,2000
02672K,Greenwich College Pty Ltd,13 Beechboro Rd S BAYSWATER WA 6053,Location owned and operated by provider,13 Beechboro Rd,,,,BAYSWATER,WA,6053
02672K,Greenwich College Pty Ltd,80 Wentworth Av,Location owned and operated by provider,80 Wentworth Ave,,,,SURREY HILLS,NSW,2010
02672K,Greenwich College Pty Ltd,Greenwich College (Kelly Street),Arrangement with Non Registered Provider,7 Kelly St,Level 2,,,Ultimo,NSW,2007
02672K,Greenwich College Pty Ltd,Greenwich College Pty Ltd (Nerang Street),Location owned and operated by provider,56-58 Nerang St,,,,SOUTHPORT,QLD,4215
02672K,Greenwich College Pty Ltd,Greenwich English College Pty Ltd (RTO Operations) (Pitt Street),Arrangement with Non Registered Provider,396 Pitt St,"Level 2, 3, 4, 5",,,Sydney,NSW,2000
02672K,Greenwich College Pty Ltd,"Level 1 and 2, 72 Mary St Surry Hills NSW 2010",Arrangement with Non Registered Provider,72 Mary St,"Level 1, 2",,,Surry Hills,NSW,2010
02672K,Greenwich College Pty Ltd,"Level 3 & 4, 119 Charlotte St BRISBANE CITY QLD 4000",Location owned and operated by provider,Level 3 119 Charlotte St,,,,BRISBANE,QLD,4000
02672K,Greenwich College Pty Ltd,Level 3 72-82 Mary St SURRY HILLS NSW 2010,Location owned and operated by provider,Level 3 72-82 Mary Street,,,,SURRY HILLS,NSW,2010
02672K,Greenwich College Pty Ltd,"Level 4, 27 Currie St ADELAIDE SA 5000",Arrangement with Non Registered Provider,"Level 4, 27 Currie St",,,,Adelaide,SA,5000
02672K,Greenwich College Pty Ltd,"Level 4, 72-82 Mary St Surry Hills NSW",Location owned and operated by provider,"Level 4, 72-82 Mary St",,,,Surry Hills,NSW,2010
02672K,Greenwich College Pty Ltd,"Level 6, 8, 12, 13, 14 & 16, 120 Spencer St Melbourne VIC 3000",Arrangement with Non Registered Provider,120 Spencer St,"Level 8, 12, 13, 14",,,MELBOURNE,VIC,3000
02684F,George Education Group Pty Ltd,Level 1 28-36 Foveaux St Surry Hills NSW 2010,Location owned and operated by provider,Level 1 28-36 Foveaux St,,,,Surry Hills,NSW,2010
02684F,George Education Group Pty Ltd,"WIN College Canberra Campus -Unit 1, level 2, 15 Barry Dr Turner ACT 2612",Location owned and operated by provider,"Unit 1, Level 2, 15 Barry Dr",,,,Turner,ACT,2612
02695C,Imagine Education Australia Pty Ltd as trustee for The Imagine Education Australia Unit Trust,"13 Benowa Road, SOUTHPORT",Location owned and operated by provider,13 Benowa Rd,,,,SOUTHPORT,QLD,4215
02695C,Imagine Education Australia Pty Ltd as trustee for The Imagine Education Australia Unit Trust,151 Currumburra Road Ashmore,Location owned and operated by provider,151 Currumburra Rd,,,,ASHMORE,QLD,4214
02695C,Imagine Education Australia Pty Ltd as trustee for The Imagine Education Australia Unit Trust,"413-417 Ross River Road, Cranbrook",Arrangement with Non Registered Provider,413-417 Ross River Road,,,,Cranbrook,QLD,4814
02695C,Imagine Education Australia Pty Ltd as trustee for The Imagine Education Australia Unit Trust,Angle Vale Campus,Arrangement with other registered provider,113 Heaslip Rd,,,,Angle Vale,SA,5117
02695C,Imagine Education Australia Pty Ltd as trustee for The Imagine Education Australia Unit Trust,Ingle Farm Campus,Location owned and operated by provider,237 Bridge Rd,,,,INGLE FARM,SA,5098
02695C,Imagine Education Australia Pty Ltd as trustee for The Imagine Education Australia Unit Trust,"Level 2, 170 Leichhardt St, Spring Hill QLD",Location owned and operated by provider,170 Leichhardt St,Level 2,,,Spring Hill QLD,QLD,4000
02695C,Imagine Education Australia Pty Ltd as trustee for The Imagine Education Australia Unit Trust,Oakleigh South Campus,Arrangement with other registered provider,1066 Centre Rd,,,,Oakleigh South,VIC,3167
02695C,Imagine Education Australia Pty Ltd as trustee for The Imagine Education Australia Unit Trust,"Shop 4, 12 Annerley Road, Woolloongabba, BRISBANE 4102",Location owned and operated by provider,12 Annerley Rd,,,,Brisbane,QLD,4102
02695C,Imagine Education Australia Pty Ltd as trustee for The Imagine Education Australia Unit Trust,"Southport Central Campus, Cnr Lawson and Scarborough Street, Southport",Location owned and operated by provider,9 Lawson St,,,,Southport,QLD,4215
02727M,Holmes Institute Pty Ltd,Brisbane - Holmes Institute Pty Ltd,Location owned and operated by provider,171 Elizabeth St,,,,BRISBANE,QLD,4000
02727M,Holmes Institute Pty Ltd,Cairns - Holmes Institute Pty Ltd,Location owned and operated by provider,18 Lake St,,,,CAIRNS,QLD,4870
02727M,Holmes Institute Pty Ltd,"Level 9, 119 Charlotte St, Brisbane QLD",Location owned and operated by provider,"Level 9, 119 Charlotte St",,,,Brisbane,QLD,4000
02727M,Holmes Institute Pty Ltd,"Levels 2 & 3, 126 Margaret Street, Brisbane 4000",Location owned and operated by provider,"Levels 2 & 3, 126 Margaret Street",,,,Brisbane,QLD,4000
02727M,Holmes Institute Pty Ltd,Surfers Paradise QLD - Holmes Institute Pty Ltd,Location owned and operated by provider,3184 Surfers Paradise Blvd,Level 2,,,SURFERS PARADISE,QLD,4217
02731D,Avondale University,Avondale University (Lake Macquarie Campus) (RTO Operations),Location owned and operated by provider,582 Freeman's Dr,,,,COORANBONG,NSW,2265
02731D,Avondale University,Avondale University (Lake Macquarie) (Higher Ed Operations),Location owned and operated by provider,582 Freemans Dr,,,,COORANBONG,NSW,2265
02731D,Avondale University,Avondale University (Sydney) (Higher Ed Operations),Location owned and operated by provider,185 Fox Valley Rd,,,,WAHROONGA,NSW,2076
02736K,Strathfield College Pty Ltd,"Level 8, 108 Lonsdale Street, Melbourne",Location owned and operated by provider,108 Lonsdale St,Level 8,,,MELBOURNE,VIC,3000
02736K,Strathfield College Pty Ltd,"Suite 2, Lvl 2, 136 Chalmers Street, Surry Hills",Location owned and operated by provider,136 Chalmers St,Level 2,,,Surry Hills,NSW,2010
02738G,Campion Institute Limited,Campion Institute Limited (Higher Ed Operations),Location owned and operated by provider,8-14 Austin Woodbury Place,,,,OLD TOONGABBIE,NSW,2146
02746G,Australia Moreton Education Group Pty Ltd,"Brisbane - L4, 333 Adelaide Street",Location owned and operated by provider,333 Adelaide St,Level 4,,,BRISBANE,QLD,4000
02746G,Australia Moreton Education Group Pty Ltd,Newmarket - 23 Foster Street,Arrangement with Non Registered Provider,23 Foster St,,,,NEWMARKET,QLD,4051
02767C,Holmes Institute Pty Ltd,Holmes Institute (York Street) (RTO Operations),Location owned and operated by provider,91 York St,,,,SYDNEY,NSW,2000
02767C,Holmes Institute Pty Ltd,"Holmes Institute, Sydney (Higher Ed Operations)",Location owned and operated by provider,91 York St,,,,SYDNEY,NSW,2000
02800G,Warwick Institute of Australia Pty Ltd,Ultimo Site - Level 3 616-620 Harris St ULTIMO NSW 2007,Location owned and operated by provider,Ultimo Site - Level 3 616-620 Harris St,,,,ULTIMO,NSW,2007
02800G,Warwick Institute of Australia Pty Ltd,"Unit 1, Ground Floor, 320 Harris Street, Pyrmont",Location owned and operated by provider,320 Harris St,Level G,,Unit 1,PYRMONT,NSW,2009
02800G,Warwick Institute of Australia Pty Ltd,Warwick Institute of Australia Pty Ltd (Adelaide Street BRISBANE),Arrangement with Non Registered Provider,316 Adelaide St,Level 3 ,,,BRISBANE,QLD,4000
02800G,Warwick Institute of Australia Pty Ltd,WIA Sydney (Haymarket),Location owned and operated by provider,"WIA Sydney - Level 5, 8 Quay St",,,,HAYMARKET,NSW,2000
02804C,EQUALS International (Aust) Pty Ltd,54 Currie Street Adelaide,Location owned and operated by provider,54 Currie St,,,,Adelaide,SA,5000
02804C,EQUALS International (Aust) Pty Ltd,81 Currie Street,Location owned and operated by provider,81 Currie St,,,,Adelaide,SA,5000
02804C,EQUALS International (Aust) Pty Ltd,"97 Currie Street, Adelaide SA 5000",Location owned and operated by provider,97 Currie Street,,,,Adelaide,SA,5000
02826G,Sragill Pty Ltd,51 Queen Street,Location owned and operated by provider,51 Queen St,Level G,,,Melbourne,VIC,3000
02856B,Nova International Education Pty Ltd,8 Mclean Street,Location owned and operated by provider,8 Mclean Street,,,,Beverley,SA,5009
02856B,Nova International Education Pty Ltd,Level 5 - 601 Bourke St MELBOURNE VIC 3000,Location owned and operated by provider,Level 5 - 601 Bourke St,,,,MELBOURNE,VIC,3000
02856B,Nova International Education Pty Ltd,"Lvl 4, 220 Albert Road, South Melbourne",Location owned and operated by provider,220 Albert Rd,Level 4,,,South Melbourne,VIC,3205
02856B,Nova International Education Pty Ltd,"Lvl 9, 108 King William Street, Adelaide",Location owned and operated by provider,"Lvl 9, 108 King William Street",,,,ADELAIDE,SA,5000
02856B,Nova International Education Pty Ltd,Nova HQ - 182 Normanby Rd Southbank,Location owned and operated by provider,182 Normanby Rd,,,,SOUTHBANK,VIC,3006
02856B,Nova International Education Pty Ltd,Nova Sydney Campus,Location owned and operated by provider,Suite 4 Level 4 460 Church Street,,,,Parramatta,NSW,2150
02856B,Nova International Education Pty Ltd,"Suite 4, Level 4, 460 Church St PARRAMATTA NSW 2150",Location owned and operated by provider,"Suite 4, Level 4, 460 Church",,,,St PARRAMATTA,NSW,2150
02858M,BJSB Pty Ltd,Abbotsford,Location owned and operated by provider,212 Hoddle St,,,,Abbotsford,VIC,3067
02863C,WHITEHOUSE INSTITUTE PTY LTD,Whitehouse Institute of Design (NSW),Location owned and operated by provider,2 Short St,,,,SURRY HILLS,NSW,2010
02863C,WHITEHOUSE INSTITUTE PTY LTD,Whitehouse Institute of Design (NSW),Location owned and operated by provider,55 Renwick Street,,,,Redfern,NSW,2016
02863C,WHITEHOUSE INSTITUTE PTY LTD,Whitehouse Institute of Design (QLD),Location owned and operated by provider,69 Shafston Avenue,,,,Kangaroo Point,QLD,4169
02863C,WHITEHOUSE INSTITUTE PTY LTD,Whitehouse Institute of Design (VIC),Location owned and operated by provider,672 Bourke St,Level 4,,,Melbourne,VIC,3000
02870D,Crown Institute of Business and Technology Pty Ltd,Belconnen ACT,Location owned and operated by provider,40 Cameron Ave,,,,BELCONNEN,ACT,2617
02870D,Crown Institute of Business and Technology Pty Ltd,Crown Institute of Business and Technology - North Sydney Campus,Location owned and operated by provider,116 Pacific Hwy,,,,NORTH SYDNEY,NSW,2060
02870D,Crown Institute of Business and Technology Pty Ltd,Hurstville Campus - 2 Woodville St Hurstville NSW 2220,Location owned and operated by provider,2 Woodville St,,,,Hurstville,NSW,2220
02870D,Crown Institute of Business and Technology Pty Ltd,"Level 11, 307 Pitt St Sydney NSW 2000",Location owned and operated by provider,307 Pitt St,Level 11,,,Sydney,NSW,2000
02886G,Melbourne College of Hairdressing Beauty Therapy & Natural Medicine Pty Ltd,Melbourne College of Hairdressing Beauty Therapy & Natural Medicine Pty Ltd - Docklands,Location owned and operated by provider,1 Star Crescent,,,,Docklands,VIC,3008
02908F,Zarah Institute of Education Pty Ltd,Level 1 355 Spencer St WEST MELBOURNE VIC 3003,Arrangement with Non Registered Provider,Level 1 355 Spencer St,,,,WEST MELBOURNE,VIC,3003
02914G,ICHM Pty Ltd,Endeavour College of Natural Health,Location owned and operated by provider,"Level 5, 6 and 7",815-825 George Street,,,Haymarket,NSW,2000
02914G,ICHM Pty Ltd,International College of Hotel Management,Location owned and operated by provider,131-139 Currie St,,,,Adelaide,SA,5000
02915G,Durban International College Pty Ltd,Automotive Workshop - 2 Forster St RIDLEYTON SA 5008,Arrangement with Non Registered Provider,2 Forster St,,,,RIDLEYTON,SA,5008
02915G,Durban International College Pty Ltd,DIC Melbourne Campus - 166-172 Exhibition St MELBOURNE VIC,Location owned and operated by provider,166-172 Exhibition St,,,,MELBOURNE,VIC,3000
02915G,Durban International College Pty Ltd,Durban Renmark,Location owned and operated by provider,19878 Sturt Hwy,,,,OLD CALPERUM,SA,5341
02915G,Durban International College Pty Ltd,"Level 1, Eastern Side, 128 Hindley Street, Adelaide",Location owned and operated by provider,128 Hindley St,Level 1,,,Adelaide,SA,5000
02915G,Durban International College Pty Ltd,Level 18  - 45 Grenfell St ADELAIDE,Location owned and operated by provider,Level 18  45 Grenfell St,,,,ADELAIDE,SA,5000
02925E,Education Training & Employment Australia Pty. Ltd.,113 Burgundy Street - Head Office Campus,Location owned and operated by provider,113 Burgundy St,,,,HEIDELBERG,VIC,3084
02925E,Education Training & Employment Australia Pty. Ltd.,Argyle Street Parramatta - 21 Argyle St PARRAMATTA NSW 2150,Location owned and operated by provider,Suites 1 and 2 Level 1 21 Argyle St,,,,Parramatta,NSW,2150
02925E,Education Training & Employment Australia Pty. Ltd.,"Level 2, East, 50 Grenfell Street, Adelaide",Location owned and operated by provider,50 Grenfell St,Level 2,,,ADELAIDE,SA,5000
02925E,Education Training & Employment Australia Pty. Ltd.,"Unit 4, 78-84 Catalano Circuit, Canning Vale",Location owned and operated by provider,78 Catalano Cct,,,,CANNING VALE,WA,6155
02926D,Pass Global Pty Ltd,"601 Campus - Level 9, 601 Bourke St Melbourne VIC 3000",Location owned and operated by provider,"Level 9, 601 Bourke St",,,,Melbourne,VIC,3000
02926D,Pass Global Pty Ltd,"ALTEC CBD - Level 5, 601 Bourke Street Melbourne VIC 3000",Arrangement with Non Registered Provider,601 Bourke St,Level 5,,,Melbourne,VIC,3000
02926D,Pass Global Pty Ltd,ALTEC HQ - Melbourne,Location owned and operated by provider,Level 8 620 Bourke St,,,,Melbourne,VIC,3000
02926D,Pass Global Pty Ltd,"Level 1, 242 Liverpool Street, Hobart, TAS",Arrangement with Non Registered Provider,232 Liverpool St,Level 1,,,Hobart,TAS,7000
02926D,Pass Global Pty Ltd,"Level 3 Campus - Level 3, 620 Bourke St, Melbourne VIC 3000",Location owned and operated by provider,Level 3,620 Bourke St,,,MELBOURNE,VIC,3000
02926D,Pass Global Pty Ltd,North Melbourne Campus,Location owned and operated by provider,63 Boundary Road,,,,North Melbourne,VIC,3051
02948J,Australian University College of Divinity Ltd,Australian College of Christian Studies (ACCS),Location owned and operated by provider,"Level 2, 29 George St",,,,Burwood,NSW,2134
02948J,Australian University College of Divinity Ltd,Nazarene Theological College,Location owned and operated by provider,40 Woodlands Drive,,,,Thornlands,QLD,4164
02948J,Australian University College of Divinity Ltd,Olivet Theological Seminary,Location owned and operated by provider,300 Mangrove Creek Road,,,,Mangrove Creek,NSW,2250
02948J,Australian University College of Divinity Ltd,Perth Bible College,Location owned and operated by provider,1 College Ct,,,,Karrinyup,WA,6018
02948J,Australian University College of Divinity Ltd,Planetshakers College,Location owned and operated by provider,127 Whiteman St,,,,Southbank,VIC,3006
02948J,Australian University College of Divinity Ltd,St Andrews Greek Orthodox Theological College,Location owned and operated by provider,242 Cleveland Street,,,,Redfern,NSW,2016
02948J,Australian University College of Divinity Ltd,"Sydney College of Divinity - Box Hill, Victoria",Location owned and operated by provider,98 Albion Road,,,,Box Hill,VIC,3128
02948J,Australian University College of Divinity Ltd,"Sydney College of Divinity - Macquarie Park, NSW",Location owned and operated by provider,"Unit 6B, 5 Talavera Road",,,,North Ryde,NSW,2113
02970M,Angad Australian Institute of Technology Pty Ltd,"501 Latrobe Street, Melbourne",Location owned and operated by provider,501 Latrobe St,"Level 5, 6 ",,,Melbourne,VIC,3000
02970M,Angad Australian Institute of Technology Pty Ltd,9 Nicholson St BENTLEIGH VIC 3204,Location owned and operated by provider,9 Nicholson St,,,,BENTLEIGH,VIC,3204
02992E,Queens Group Pty Ltd,Geelong Campus,Location owned and operated by provider,191-195 Ryrie St,,,,GEELONG,VIC,3220
02992E,Queens Group Pty Ltd,"Level 3 and Level 6, 118 Queen St, Melbourne",Location owned and operated by provider,118 Queen St,,,,Melbourne,VIC,3000
02992E,Queens Group Pty Ltd,"Level 8 and Level 12, 123 Queen St, Melbourne",Location owned and operated by provider,123 Queen St,,,,Melbourne,VIC,3000
02992E,Queens Group Pty Ltd,The Rocks - Sydney Campus,Location owned and operated by provider,Level 3 157-161 Gloucester St,,,,THE ROCKS,NSW,2000
02996A,Star Gazers Education Pty Ltd,Flinders Street Campus - Level 9 525 Flinders St MELBOURNE,Location owned and operated by provider,Level 9 525 Flinders St,,,,Melbourne,VIC,3000
02996A,Star Gazers Education Pty Ltd,Trade Workshop - 235 Ingles St PORT MELBOURNE VIC 3207,Location owned and operated by provider,235 Ingles St,,,,PORT MELBOURNE,VIC,3207
03000J,Colleges Australia International Pty Ltd,"233 Castlereagh Street, Sydney",Location owned and operated by provider,233 Castlereagh St,Level 15,,,Sydney,NSW,2000
03000J,Colleges Australia International Pty Ltd,259 Collins Street Melbourne,Location owned and operated by provider,259 Collins St,Level 3,,,Melbourne,VIC,3000
03000J,Colleges Australia International Pty Ltd,Level 1 108 Margaret Street Brisbane,Location owned and operated by provider,108 Margaret St,Level 1 ,,,Brisbane,QLD,4000
03000J,Colleges Australia International Pty Ltd,"Level 2, 2 Cunningham Street",Location owned and operated by provider,2 Cunningham St,Level 2,,,SYDNEY,NSW,2000
03009M,Australian National College Pty Ltd,CBD Campus - Level 5 259 Collins St MELBOURNE VIC 3000,Location owned and operated by provider,Level 5 259 Collins Street,,,,MELBOURNE,VIC,3000
03009M,Australian National College Pty Ltd,Geelong Campus,Location owned and operated by provider,20 Malop St,,,,GEELONG,VIC,3220
03009M,Australian National College Pty Ltd,Melbourne campus,Location owned and operated by provider,182 Capel St,,,,NORTH MELBOURNE,VIC,3051
03010G,Malekhu Investments Pty Ltd,"359 Queen Street, Brisbane City QLD 4000",Location owned and operated by provider,359 Queen St,"Level 2, 3, 4 ",,,BRISBANE,QLD,4000
03010G,Malekhu Investments Pty Ltd,"90 King William St, Adelaide SA 5000",Location owned and operated by provider,90 King William St,,,,Adelaide,SA,5000
03010G,Malekhu Investments Pty Ltd,Level 4  16 - 18 Wentworth St PARRAMATTA,Location owned and operated by provider,Level 4 16-18 Wentworth St,,,,PARRAMATTA,NSW,2150
03010G,Malekhu Investments Pty Ltd,QFC Fitzwilliam (NSW) Campus,Location owned and operated by provider,Level 3 1 Fitzwilliam St,,,,PARRAMATTA,NSW,2150
03010G,Malekhu Investments Pty Ltd,Queensford College - Adelaide (Grenfell) Campus,Location owned and operated by provider,Level 2 55 Grenfell  St,,,,ADELAIDE,SA,5000
03015B,New Cambridge College Sydney Inc,"Lvl 3, 770-772 George Street, Sydney  NSW   2000",Location owned and operated by provider,770 George St,Level 3,,,Sydney,NSW,2000
03020E,TAFE Queensland,Acacia Ridge,Location owned and operated by provider,247 Bradman St,,,,ACACIA RIDGE,QLD,4110
03020E,TAFE Queensland,Ashmore,Location owned and operated by provider,Corner Heeb Street and Benowa Road,,,,ASHMORE,QLD,4214
03020E,TAFE Queensland,Bracken Ridge,Location owned and operated by provider,157 Norris Rd,,,,BRACKEN RIDGE,QLD,4017
03020E,TAFE Queensland,Bundaberg,Location owned and operated by provider,118 Walker St,,,,Bundaberg,QLD,4670
03020E,TAFE Queensland,Cairns,Location owned and operated by provider,"Gatton, Newton, Eureka & Wilkinson Streets",,,,MANUNDA,QLD,4870
03020E,TAFE Queensland,Coomera,Location owned and operated by provider,198 Foxwell Rd,,,,COOMERA,QLD,4209
03020E,TAFE Queensland,Coomera Marine,Location owned and operated by provider,198 Foxwell Road,,,,Coomera,QLD,4209
03020E,TAFE Queensland,Eagle Farm,Location owned and operated by provider,776 Kingsford Smith Dr,,,,EAGLE FARM,QLD,4009
03020E,TAFE Queensland,Grovely,Location owned and operated by provider,76 Fitzsimmons St,,,,KEPERRA,QLD,4054
03020E,TAFE Queensland,Hervey Bay,Location owned and operated by provider,47-95 Urraween Rd,,,,Hervey Bay,QLD,4655
03020E,TAFE Queensland,Ipswich,Location owned and operated by provider,Corner Mary and Bryne Steet,,,,Bundamba,QLD,4304
03020E,TAFE Queensland,Loganlea,Location owned and operated by provider,50-68 Armstrong Rd,,,,Meadowbrook,QLD,4131
03020E,TAFE Queensland,Mooloolaba,Location owned and operated by provider,34 Lady Musgrave Dr,,,,Mountain Creek,QLD,4557
03020E,TAFE Queensland,Mount Gravatt,Location owned and operated by provider,1030 Cavendish Rd,,,,MT GRAVATT,QLD,4122
03020E,TAFE Queensland,Nambour,Location owned and operated by provider,91 Windsor Rd,,,,Burnside,QLD,4560
03020E,TAFE Queensland,Robina,Location owned and operated by provider,94 Laver Drive,,,,Robina,QLD,4226
03020E,TAFE Queensland,South Bank,Location owned and operated by provider,66 Ernest St,,,,South Brisbane,QLD,4101
03020E,TAFE Queensland,Southport,Location owned and operated by provider,91-99 Scarborough St,,,,Southport,QLD,4215
03020E,TAFE Queensland,Springfield,Location owned and operated by provider,Education City Drive,,,,Springfield Central,QLD,4304
03020E,TAFE Queensland,Sunshine Coast Health Institute,Arrangement with Non Registered Provider,6 Doherty Street,,,,Birtinya,QLD,4575
03020E,TAFE Queensland,Toowoomba,Location owned and operated by provider,100 Bridge St,,,,TOOWOOMBA,QLD,4350
03020E,TAFE Queensland,Townsville  Pimlico,Location owned and operated by provider,Corner Hugh Street & Fulham Road,,,,PIMLICO,QLD,4812
03020E,TAFE Queensland,Whitsundays,Location owned and operated by provider,190 Shute Harbour Rd,,,,CANNONVALE,QLD,4802
03039E,Imperial Education Group Pty Ltd,Rundle Mall Adelaide,Location owned and operated by provider,Level 3 112 Rundle Mall,,,,Adelaide,SA,5000
03042K,Universal Network of Infotech Pty Ltd,PirieStAdelaide,Location owned and operated by provider,Level 3 97 Pirie St,,,,ADELAIDE,SA,5000
03047E,Stanley International College Pty Ltd,Adelaide City Campus (Higher Education),Location owned and operated by provider,101 Grenfell Street,,,,Adelaide,SA,5000
03047E,Stanley International College Pty Ltd,Mirrabooka Campus,Location owned and operated by provider,9 Chesterfield Rd,,,,Mirrabooka,WA,6061
03047E,Stanley International College Pty Ltd,West Perth Campus  Hay Street,Location owned and operated by provider,1275 Hay Street,,,,West Perth,WA,6005
03047E,Stanley International College Pty Ltd,West Perth Campus - Outram Street,Location owned and operated by provider,69 Outram St,,,,West Perth,WA,6005
03048D,Asia Pacific International College Pty Ltd,"Level 6, 1-3 Fitzwilliam Street Parramatta NSW 2150",Arrangement with Non Registered Provider,"Level 6, 1-3 Fitzwilliam Street",,,,Parramatta,NSW,2150
03048D,Asia Pacific International College Pty Ltd,"Levels 2 and 3, 269 Wickham Street, Fortitude Valley QLD 4006",Location owned and operated by provider,269 Wickham Street,,,,Fortitude Valley,QLD,4006
03048D,Asia Pacific International College Pty Ltd,"Part Level 3, 655 Collins St, Docklands, VIC",Arrangement with other registered provider,"Part Level 3, Level 655 Collins St",,,,Docklands,VIC,3008
03051J,Perth College Of Business and Technology Pty Ltd,110 Brown St EAST PERTH WA 6004,Location owned and operated by provider,110 Brown St,,,,East Perth,WA,6004
03051J,Perth College Of Business and Technology Pty Ltd,249 James St NORTHBRIDGE WA 6003,Location owned and operated by provider,249 James St,,,,NORTHBRIDGE,WA,6003
03051J,Perth College Of Business and Technology Pty Ltd,Kitchen Campus - Cookery - Unit 2 2 Cressall Rd BALCATTA WA 602,Arrangement with Non Registered Provider,Unit 2,2 Cressall Rd,,,BALCATTA,WA,6021
03051J,Perth College Of Business and Technology Pty Ltd,"PCBT Trade Training Centre - 187 Colin Place, WEST PERTH WA 6005",Location owned and operated by provider,187 Colin Pl,,,,WEST PERTH,WA,6005
03051J,Perth College Of Business and Technology Pty Ltd,PCBT Trade Training Centre 3,Location owned and operated by provider,164-168 Welshpool Road,,,,WELSHPOOL,WA,6106
03053G,Australian Ideal College Pty Ltd,114-116 Murray Street Hobart TAS 7000,Location owned and operated by provider,114 Murray St,,,,Hobart,TAS,7000
03053G,Australian Ideal College Pty Ltd,Australian Ideal College (75 King Street),Location owned and operated by provider,75 King St,"Level 7, 8",,,SYDNEY,NSW,2000
03053G,Australian Ideal College Pty Ltd,"Level 3, 7 James Place, Rundle Mall, Adelaide",Location owned and operated by provider,7 James Pl,Level 3,,,Adelaide,SA,5000
03076M,SALFORD COLLEGE PTY LTD,65 Hindley Street,Arrangement with Non Registered Provider,65 Hindley St,,,,Adelaide,SA,5000
03076M,SALFORD COLLEGE PTY LTD,"Level 11, 68 Grenfell Street, Adelaide",Location owned and operated by provider,68 Grenfell St,Level 11,,,Adelaide,SA,5000
03076M,SALFORD COLLEGE PTY LTD,"Shop 6, GF, 20-22 Macquarie Street, Parramatta NSW 2150",Location owned and operated by provider,"Shop 6, GF 20 Macqaurie St",,,,Parramatta,NSW,2150
03090B,Acumen Education Pty Ltd,"157 Islington Street, Collingwood VIC 3066",Location owned and operated by provider,157 Islington St,,,,COLLINGWOOD,VIC,3066
03090B,Acumen Education Pty Ltd,"24-26 Elizabeth Street, Richmond",Location owned and operated by provider,24 Elizabeth St,,,,Richmond,VIC,3121
03090B,Acumen Education Pty Ltd,Acumen Education Pty Ltd,Location owned and operated by provider,5 Elizabeth St,,,,Richmond,VIC,3121
03090B,Acumen Education Pty Ltd,"Level 8, 55 Swanston Street, Melbourne VIC 3000",Location owned and operated by provider,55 Swanston St,Level 8,,,Melbourne,VIC,3000
03093K,Spencer College Pty Ltd,Level 1 344 Queen St BRISBANE CITY QLD 4000,Arrangement with Non Registered Provider,Level 1 344 Queen St,,,,BRISBANE CITY,QLD,4000
03113M,New England Institute of Technology Pty Ltd,Queen Street Melbourne,Location owned and operated by provider,"Level 5, Tenancy 3, 190 Queen Street",,,,Melbourne,VIC,3000
03122K,St George & Sutherland Community College Incorporated,"127-129 Sutherland Rd, Jannali",Location owned and operated by provider,127 Sutherland Rd,,,,Jannali,NSW,2226
03133G,Adelaide Institute of Business and Technology Pty Ltd,AIBT Melbourne Campus - Level 6 350 Queen St MELBOURNE VICTORIA 3000,Location owned and operated by provider,Level 6 350 Queen Street,,,,MELBOURNE,VIC,3000
03133G,Adelaide Institute of Business and Technology Pty Ltd,Level 2 209-211 Lonsdale,Location owned and operated by provider,Level 2 209-211 Lonsdale St,,,,MELBOURNE,VIC,3000
03133G,Adelaide Institute of Business and Technology Pty Ltd,"Levels 4 & 5, 127 Rundle Mall, Adelaide",Location owned and operated by provider,127 Rundle Mall,"Level 4, 5",,,Adelaide,SA,5000
03147A,Australian Institute of Higher Education Pty Ltd,"Level 1, 20 Queen Street, Melbourne",Location owned and operated by provider,Level 1,20 Queen Street,,,Melbourne,VIC,3000
03147A,Australian Institute of Higher Education Pty Ltd,"Level 3 & 4, 545 Kent St",Location owned and operated by provider,Level 3 and 4/545 Kent St,,,,Sydney,NSW,2000
03155A,The College of Law Limited,TCOL Limited (Higher Ed Operations),Location owned and operated by provider,"Level 4, 570 George Street",,,,Sydney,NSW,2000
03156M,Apex Institute of Education Pty Ltd,Level 7 123 Lonsdale St MELBOURNE VIC 3000,Location owned and operated by provider,Level 7 123 Lonsdale St,,,,Melbourne,VIC,3000
03156M,Apex Institute of Education Pty Ltd,"NSW - Apex Institute of Education (Goulburn Street, Sydney) (RTO and ELICOS Operations)",Location owned and operated by provider,22 Goulburn St,"Levels 2,",,,Sydney,NSW,2000
03156M,Apex Institute of Education Pty Ltd,"NSW - Apex Institute of Education (Sorrell Street, Parramatta) (RTO Operations)",Location owned and operated by provider,2 Sorrell St,,,,PARRAMATTA,NSW,2150
03164M,Australian College of Technology and Business Pty Ltd,100 Brunswick Street Fortitude Valley QLD,Location owned and operated by provider,100 Brunswick St,,,,Fortitude Valley,QLD,4006
03167G,St. Peter Institute,235 Ingles St PORT MELBOURNE VIC 3207,Location owned and operated by provider,235 Ingles St,,,,PORT MELBOURNE,VIC,3207
03167G,St. Peter Institute,"Level 2, 310 King St MELBOURNE VIC 3000",Location owned and operated by provider,"Level 2, 310 King St",,,,Melbourne,VIC,3000
03171A,Australian Institute of Business and Management Pty Ltd,"Ground and Level 1, 59 Darby Street, Cooks Hill, NSW 2300",Location owned and operated by provider,Ground and Level 1,59 Darby Street,,,Cooks Hill,NSW,2300
03171A,Australian Institute of Business and Management Pty Ltd,"Levels 7 - 11, Transport House, 11 York Street Sydney NSW 2000",Location owned and operated by provider,"Levels 7 - 11, Transport House, 11 York Street",,,,Sydney,NSW,2000
03173K,ALIF Australia Pty Ltd,ALIF Australia Pty Ltd (Albert St Brisbane),Location owned and operated by provider,132 Albert St,Level 2,,,Brisbane,QLD,4000
03173K,ALIF Australia Pty Ltd,"ALIF Australia Pty Ltd (Bay Street, Southport)",Location owned and operated by provider,9 Bay St,,,,SOUTHPORT,QLD,4215
03173K,ALIF Australia Pty Ltd,"ALIF Australia Pty Ltd (George Street, Parramatta)",Location owned and operated by provider,25 George St,Level 2,,,PARRAMATTA,NSW,2150
03173K,ALIF Australia Pty Ltd,"ALIF Australia Pty Ltd (Lake Street, Cairns)",Location owned and operated by provider,34 Lake St,"Level 1, 2",,,CAIRNS,QLD,4870
03187D,Adelaide College of Technical Education,133 Parramatta Rd GRANVILLE NSW 2142,Location owned and operated by provider,133 Parramatta Rd,,,,GRANVILLE,NSW,2142
03187D,Adelaide College of Technical Education,Adelaide Main - Level 3 90 King William St ADELAIDE SA 5000,Location owned and operated by provider,Level 3 90 King William St,,,,ADELAIDE,SA,5000
03187D,Adelaide College of Technical Education,Mel - 343 Little Collins St MELBOURNE VIC 3000,Location owned and operated by provider,Level 7 343 Little Collins,,,,MELBOURNE,VIC,3000
03187D,Adelaide College of Technical Education,Unit 8 440 William St PERTH WA 6000,Location owned and operated by provider,Unit 8 440 William St,,,,PERTH,WA,6000
03187D,Adelaide College of Technical Education,Valentine Sports Park Cafe,Location owned and operated by provider,Valentine Sports Park Cafe,235 Meurants Lane,,,GLENWOOD,NSW,2768
03188C,West Australian Institute of Further Studies Pty Ltd,"Level 1, 160 Central Arcade, 811 Hay Street, Perth WA 6000",Location owned and operated by provider,160 St Georges Tce,,,,Perth,WA,6000
03197B,National Art School,National Art School (Higher Education),Location owned and operated by provider,Forbes Street,,,,Darlinghurst,NSW,2010
03208D,Captain Cook Institute Pty Ltd,George Brown College - Level 5 191-199 Thomas St HAYMARKET  NSW 2000,Arrangement with Non Registered Provider,George Brown College - Level 5,191-199 Thomas St,,,Haymarket,NSW,2000
03217C,Central Australian Institute of Technology Pty Ltd,"45 Murray Street, Hobart",Location owned and operated by provider,45 Murray St,"Level 3, 4",,,Hobart,TAS,7000
03217C,Central Australian Institute of Technology Pty Ltd,Central Australian College - Brisbane CBD - Suite 1 Level 1 345 Ann St BRISBANE CITY QLD 4000,Location owned and operated by provider,"Suite 1, Level 1",345 Ann St,,,Brisbane City,QLD,4000
03217C,Central Australian Institute of Technology Pty Ltd,Central Australian Institute of Technology Pty Ltd,Location owned and operated by provider,8 Cross St,,,,FOOTSCRAY WEST,VIC,3012
03217C,Central Australian Institute of Technology Pty Ltd,"Level 1, 276 Flinders Street, Melbourne",Location owned and operated by provider,276 Flinders St,Level 1,,,Melbourne,VIC,3000
03221G,True Education Pty Ltd,Brunswick Workshop,Location owned and operated by provider,17 David St,,,,BRUNSWICK,VIC,3056
03221G,True Education Pty Ltd,"Level 5, 123 Lonsdale Street MELBOURNE VIC",Location owned and operated by provider,"Level 5, 123 Lonsdale Street",,,,Melbourne,VIC,3000
03222F,Australian Health and Science Institute Pty Ltd,Blacktown - NSW,Location owned and operated by provider,130 Main St,Level 1,,,Blacktown,NSW,2148
03222F,Australian Health and Science Institute Pty Ltd,Lithgow Campus,Location owned and operated by provider,157 Main St,,,,LITHGOW,NSW,2790
03222F,Australian Health and Science Institute Pty Ltd,Surry Hills,Location owned and operated by provider,72-82 Mary St,,,,Surey Hills,NSW,2010
03226B,BNB International Colleges Pty Ltd,Cairns Campus - 30 Minnie St CAIRNS CITY QLD 4870,Location owned and operated by provider,30 Minnie St,,,,Cairns,QLD,4870
03226B,BNB International Colleges Pty Ltd,Coffs Harbour,Location owned and operated by provider,43 Gordon St,,,,COFFS HARBOUR,NSW,2450
03226B,BNB International Colleges Pty Ltd,Level 3 97 Creek Street BRISBANE CITY,Location owned and operated by provider,97 Creek St,Level 3,,,BRISBANE CITY,QLD,4000
03233C,Nan Tien Institute Limited,Nan Tien Institute Wollongong Campus,Location owned and operated by provider,231 Nolan Street,,,,UNANDERRA,NSW,2526
03234B,Pramukh Group of Companies Pty Ltd,Harward International College - Oakleigh,Location owned and operated by provider,2 Railway Ave,,,,OAKLEIGH,VIC,3166
03234B,Pramukh Group of Companies Pty Ltd,Harward International College - Oakleigh 1,Location owned and operated by provider,2 Warner St,,,,OAKLEIGH,VIC,3166
03234B,Pramukh Group of Companies Pty Ltd,Queen Street Campus,Location owned and operated by provider,Level 7 341 Queen St,,,,MELBOURNE,VIC,3000
03240D,Jasmine Education Group Pty Ltd,Bankstown NSW,Location owned and operated by provider,49 Raymond St,Level 1,,,Bankstown,NSW,2200
03240D,Jasmine Education Group Pty Ltd,Sydney NSW,Location owned and operated by provider,225 Clarence St,Level 4,,,Sydney,NSW,2000
03245K,Melbourne Institute of Technology Pty Ltd,"154-158 Sussex Street, Sydney",Location owned and operated by provider,154-158 Sussex Street,,,,Sydney,NSW,2000
03248G,IBN College Pty Ltd,SIBN Elizabeth St - 140 Elizabeth St SYDNEY NSW 2000,Location owned and operated by provider,140 Elizabeth St,,,,SYDNEY,NSW,2000
03249F,Australian Skills Centre Pty Ltd,Austech Business Institute (RTO operations),Location owned and operated by provider,70 Princess Hwy,,,Suite 1,ARNCLIFFE,NSW,2205
03256G,Nortwest Pty Ltd,531 George Street Sydney,Location owned and operated by provider,531 George St,Level 2,,,Sydney,NSW,2000
03256G,Nortwest Pty Ltd,Adelaide Campus,Location owned and operated by provider,Level 2 68 Grenfell St,,,,ADELAIDE,SA,5000
03256G,Nortwest Pty Ltd,Level 2 77-79 York St SYDNEY NSW 2000,Location owned and operated by provider,"Level 2, 77-79 York St",,,,SYDNEY,NSW,2000
03256G,Nortwest Pty Ltd,Melbourne Campus,Location owned and operated by provider,Level 9 108 Lonsdale St,,,,MELBOURNE,VIC,3000
03266E,Australian Institute of Management and Technology Pty Ltd,"84 Buckley Street, Footscray, VIC",Location owned and operated by provider,84 Buckley St,,,,Footscray,VIC,3011
03266E,Australian Institute of Management and Technology Pty Ltd,"Level 2, 601 Bourke Street Melbourne",Location owned and operated by provider,"Level 2, 601 Bourke Street",,,,Melbourne,VIC,3000
03279M,Wentworth Institute of Higher Education Pty Ltd,Elizabeth Street Campus,Location owned and operated by provider,"L3, 302 Elizabeth St","L2, 28 Foreaux St",,,Surry Hills,NSW,2010
03279M,Wentworth Institute of Higher Education Pty Ltd,Moore St Campus,Location owned and operated by provider,"Suite 2, Level 1, 15 Moore Street","L2, 15 Barry Drive, Turner",,,Canberra,ACT,2601
03282E,MVJ Enterprises Pty Ltd,"Suite 301, 106 Church Street, Parramatta, NSW, 2150",Location owned and operated by provider,106 Church St,,,,RYDE,NSW,2112
03328G,Skilled Services Australia Pty Ltd,Brisbane Campus,Location owned and operated by provider,3431 Pacific Hwy,,,,SLACKS CREEK,QLD,4127
03328G,Skilled Services Australia Pty Ltd,Perth Campus Walters Dr,Location owned and operated by provider,74 Walters Dr,,,,OSBORNE PARK,WA,6017
03335G,SP Jain School of Global Management Pty Ltd,"15 Carter Street, Homebush, NSW 2140",Location owned and operated by provider,15 Carter Street,,,,Homebush,NSW,2140
03351G,Malvern Institute Pty Ltd,460 Bourke Street,Location owned and operated by provider,460 Bourke St,Level 6,,,Melbourne,VIC,3000
03351G,Malvern Institute Pty Ltd,Malvern Institute Pty Ltd,Location owned and operated by provider,1291 Malvern Rd,,,,MALVERN,VIC,3144
03374A,Everest Institute of Education Pty Ltd,157 High St THOMASTOWN VIC 3074,Location owned and operated by provider,157 High St,,,,THOMASTOWN,VIC,3074
03374A,Everest Institute of Education Pty Ltd,35 Duncan Road Lalor VIC 3075,Location owned and operated by provider,35 Duncan Rd,,,,Lalor,VIC,3075
03374A,Everest Institute of Education Pty Ltd,King Street Campus,Location owned and operated by provider,479 King Street,,,,West Melbourne,VIC,3003
03375M,AUSTRALIAN COLLEGE OF CHRISTIAN STUDIES LTD,Burwood,Location owned and operated by provider,29 George St,Level 2,,,Burwood,NSW,2134
03376K,Australian NIT College Pty Ltd,Swan Institute Melbourne Campus - Level 3 335 Flinders Lane MELBOURNE,Location owned and operated by provider,Level 3 335 Flinders Lane,,,,Melbourne,VIC,3000
03377J,Signet Institute of Australia,341 Queen Street Melbourne,Arrangement with Non Registered Provider,341 Queen St,"Level 5, 9",,,Melbourne,VIC,3000
03377J,Signet Institute of Australia,KFI - Adelaide,Location owned and operated by provider,Level 3 45 Grenfell street,,,,ADELAIDE,SA,5000
03377J,Signet Institute of Australia,KFI - Sydney,Location owned and operated by provider,54 Parramatta Rd,,,,FOREST LODGE,NSW,2037
03377J,Signet Institute of Australia,Rocklea Dr Melbourne - ACFE,Location owned and operated by provider,1/11 - 15 Rocklea Dr,,,,Melbourne,VIC,3207
03383M,Sicop Education & Technology Pty Ltd,"Level 3, 27-29 Currie Street, Adelaide SA 5000",Location owned and operated by provider,Level 3,27-29 Currie Street,,,Adelaide,SA,5000
03383M,Sicop Education & Technology Pty Ltd,"Suite 4B & 5A, Level 2, 1-17 Elsie Street, Burwood, NSW 2134",Location owned and operated by provider,1 Elsie St,Level 2,,Unit 5B/6A,Burwood,NSW,2134
03389E,Torrens University Australia Limited,"1-37 Foveaux Street, Surry Hills NSW 2010",Location owned and operated by provider,1-37 Foveaux Street,,,,Surry Hills,NSW,2010
03389E,Torrens University Australia Limited,"16 Fitzroy Street, Leura NSW 2780",Location owned and operated by provider,1 Chambers Rd,,,,Leura,NSW,2780
03389E,Torrens University Australia Limited,"196 Flinders St, Melbourne 3000",Arrangement with Non Registered Provider,196 Flinders St,,,,Melbourne,VIC,3000
03389E,Torrens University Australia Limited,"82-98 Wakefield Street, Adelaide SA 5000",Location owned and operated by provider,82 Wakefield St,,,,Adelaide,SA,5000
03389E,Torrens University Australia Limited,"90 Bowen Terrace, Fortitude Valley QLD 4006",Location owned and operated by provider,90 Bowen Tce,,,,FORTITUDE VALLEY,QLD,4006
03390A,Elite Education Institute Pty Ltd,"Level 6, 8 Quay Street Haymarket NSW 2000",Location owned and operated by provider,"Level 6, 8 Quay Street",,,,Haymarket,NSW,2000
03391M,Sheridan College Inc,Aberdeen St,Location owned and operated by provider,18/7 Aberdeen Street,,,,Perth,WA,6000
03392K,Australian College of the Arts Pty Ltd,"208 Wellington Street, Collingwood",Location owned and operated by provider,208 Wellington Street,,,,Collingwood,VIC,3066
03392K,Australian College of the Arts Pty Ltd,"209 Brunswick Street, Fitzroy, VIC",Arrangement with Non Registered Provider,55 Brady St,,,,South Melbourne,VIC,3205
03392K,Australian College of the Arts Pty Ltd,"242 Young Street, Waterloo, NSW 2017",Location owned and operated by provider,242 Young Street,,,,Waterloo,NSW,2017
03392K,Australian College of the Arts Pty Ltd,"39-59 Green Street, Prahran VIC 3181",Arrangement with Non Registered Provider,39-59 Green Street,,,,Prahran,VIC,3181
03392K,Australian College of the Arts Pty Ltd,"67-69 Cromwell Street, Collingwood",Location owned and operated by provider,67-69 Cromwell Street,,,,Collingwood,VIC,3066
03392K,Australian College of the Arts Pty Ltd,"Level 2, 156 George Street, Fitzroy",Location owned and operated by provider,Level 2,156 George Street,,,Fitzroy,VIC,3065
03395G,Berkeley Business Institute Pty Ltd,BBI@ Sydney - Level 5 70-72 Bathurst St SYDNEY NSW 2000,Location owned and operated by provider,Level 5 70-72 Bathurst St,,,,SYDNEY,NSW,2000
03395G,Berkeley Business Institute Pty Ltd,BBI@Glebe,Location owned and operated by provider,54 Parramatta Rd,,,,FOREST LODGE,NSW,2037
03395G,Berkeley Business Institute Pty Ltd,BBI@Sydney - Level 3 70-72 Bathurst St SYDNEY NSW 2000,Location owned and operated by provider,Level 3 70-72 Bathurst St,,,,SYDNEY,QLD,2000
03395G,Berkeley Business Institute Pty Ltd,"Suite 1, Level 1, 338-340 Pitt St, SYDNEY NSW 2000",Location owned and operated by provider,"Suite 1, Lvl 1, 338-340 Pitt St",,,,SYDNEY,NSW,2000
03399C,National Training Centre of Australia Pty Ltd,NTCA - Level 11 190 Queen St MELBOURNE VIC 3000,Location owned and operated by provider,190 Queen St MELBOURNE VIC 3000,Level 11,,,MELBOURNE,VIC,3000
03399C,National Training Centre of Australia Pty Ltd,NTCA Kitchen MELBOURNE,Location owned and operated by provider,55 Yarra Bvd,,,,RICHMOND,VIC,3121
03400D,Australian Academy of Nursing Pty Ltd,"Level 5, 20 Macquarie Street Parramatta",Location owned and operated by provider,20 Macquarie St,Level 5,,,Parramatta,NSW,2150
03402B,Australian Association of Education and Research Pty Ltd,Level 1 100-104 Murray Street PERTH WA 6000,Location owned and operated by provider,Level 1 100-104 Murray Street,,,,PERTH,WA,6000
03402B,Australian Association of Education and Research Pty Ltd,"Level 3, 100-104 Murray Street Perth",Location owned and operated by provider,100 Murray St,Level 3,,,Perth,WA,6000
03406J,Lawson College Australia Pty Ltd,"53 Walker Street, Dandenong",Location owned and operated by provider,53 Walker St,,,,Dandenong,VIC,3175
03407G,Institute of Health & Management Pty Ltd,"1 Wentworth Street, Parramatta, NSW",Location owned and operated by provider,"Ground floor, 1 Wentworth Street",,,,Parramatta,NSW,2150
03407G,Institute of Health & Management Pty Ltd,"Level 1, 399 Lonsdale Street, Melbourne, VIC 3000",Location owned and operated by provider,"Level 1, 399 Lonsdale Street",,,,Melbourne,VIC,3000
03407G,Institute of Health & Management Pty Ltd,"Level 2, 187 Boundary Road, North Melbourne",Location owned and operated by provider,2/187 Boundary Road,,,,North Melbourne,VIC,3051
03407G,Institute of Health & Management Pty Ltd,"Level 2, 59 Adelaide Street, Brisbane, QLD 4000",Location owned and operated by provider,"Level 2, 59 Adelaide Street",,,,Brisbane,QLD,4000
03407G,Institute of Health & Management Pty Ltd,"Level 4,12 St George's Terrace, Perth",Location owned and operated by provider,"Level 4,12 St George's Terrace",,,,Perth,WA,6000
03409F,NSW Business College Pty Ltd,Level 2 - 38-52 College St DARLINGHURST NSW 2010,Location owned and operated by provider,38 College St,Level 2,,,Darlinghurst,NSW,2010
03411A,Iona Columba College Pty Ltd,15-17 Blaxland Rd NSW 2138,Location owned and operated by provider,15 Blaxland Rd,,,,Rhodes,NSW,2138
03415G,TTY Collective Pty Ltd,"Lonsdale Street Campus - Suite 1 Level 3, 398 Lonsdale St MELBOURNE VIC 3000",Arrangement with Non Registered Provider,Lonsdale Street Campus,"Suite 1, Level 3, 398 Lonsdale St",,,Melbourne,VIC,3000
03420M,NATIONAL INSTITUTE OF TECHNOLOGY PTY. LTD.,"East Perth - Level 3, 297 Hay St East Perth WA 6004",Location owned and operated by provider,"Level 3, 297 Hay St",,,,East Perth,WA,6004
03420M,NATIONAL INSTITUTE OF TECHNOLOGY PTY. LTD.,NATIONAL INSTITUTE OF TECHNOLOGY PTY. LTD.,Location owned and operated by provider,251 Stirling St,,,,Perth,WA,6000
03425F,Dynamic Education Group Pty Ltd,251 Adelaide Terrace Perth,Location owned and operated by provider,251 Adelaide Terrace,,,,Perth,WA,6000
03425F,Dynamic Education Group Pty Ltd,KCBT - Suite 1,Location owned and operated by provider,Suite 1 - Level 3 251 Adelaide Tce,,,,PERTH,WA,6000
03425F,Dynamic Education Group Pty Ltd,Level 3 38 Currie St ADELAIDE SA 5000,Location owned and operated by provider,38 Currie St,Level 3 ,,,Adelaide,SA,5000
03425F,Dynamic Education Group Pty Ltd,The Kitchen - Mallard Way CANNINGTON,Location owned and operated by provider,Unit 11 92 Mallard Way,,,,CANNINGTON,WA,6107
03426E,Australian College of Business Intelligence Pty Ltd,"451 Pitt Street, Sydney",Location owned and operated by provider,451 Pitt St,Level 3 & 5,,,SYDNEY,NSW,2000
03426E,Australian College of Business Intelligence Pty Ltd,Suite 210 - 451 Pitt Street Haymarket NSW 2000,Location owned and operated by provider,Suite 210 - 451 Pitt Street,,,,Haymarket,NSW,2000
03426E,Australian College of Business Intelligence Pty Ltd,Suite 211 - 451 Pitt Street HAYMARKET NSW 2000,Location owned and operated by provider,Suite 211 - 451 Pitt Street,,,,HAYMARKET,NSW,2000
03426E,Australian College of Business Intelligence Pty Ltd,Suite 212 - 451 Pitt Street Haymarket NSW 2000,Location owned and operated by provider,Suite 212 - 451 Pitt Street,,,,HAYMARKET,NSW,2000
03427D,Sydney Metro College Pty Ltd,Melbourne,Location owned and operated by provider,213 Lonsdale St,"Level 1, 2 ",,,Melbourne,VIC,3000
03427D,Sydney Metro College Pty Ltd,Petersham Training Centre - 49A New Canterbury Rd PETERSHAM,Location owned and operated by provider,49A New Canterbury Rd,,,,PETERSHAM,NSW,2049
03427D,Sydney Metro College Pty Ltd,SMC Melbourne Campus,Location owned and operated by provider,Level 5 440 Elizabeth St,,,,Melbourne,VIC,3000
03427D,Sydney Metro College Pty Ltd,"Sydney Metro College (Surry Hills) - Lvl 2, 16-22 Wentworth Avenue, SYD",Location owned and operated by provider,16 Wentworth Ave,Level 2,,,Surry Hills,NSW,2010
03429B,Ozford Institute of Higher Education Pty Ltd,"123 Lonsdale Street, Melbourne VIC 3000",Location owned and operated by provider,123 Lonsdale Street,,,,Melbourne,VIC,3000
03429B,Ozford Institute of Higher Education Pty Ltd,"333 Queen Street, Melbourne VIC 3000",Location owned and operated by provider,Levels 5 and 6,333 Queen Street,,,Melbourne,VIC,3000
03429B,Ozford Institute of Higher Education Pty Ltd,"433 Boundary Street, Spring Hill, Brisbane QLD 4000",Location owned and operated by provider,Ground floor,433 Boundary Street,,,Spring Hill,QLD,4000
03430J,Brighton Pacific Pty Ltd,"125 Main St, Blacktown, NSW",Location owned and operated by provider,125 Main St,,,,Blacktown,NSW,2148
03430J,Brighton Pacific Pty Ltd,"132  146 Elizabeth St, Hobart, TAS",Location owned and operated by provider,132 Elizabeth St,,,,Hobart,TAS,7000
03430J,Brighton Pacific Pty Ltd,"22-36 Mount St, Ultimo, NSW",Location owned and operated by provider,22 Mountain St,,,,Ultimo,NSW,2007
03430J,Brighton Pacific Pty Ltd,841 George St - 841 George St HAYMARKET NSW 2000,Location owned and operated by provider,841 George St,,,,Haymarket,NSW,2000
03430J,Brighton Pacific Pty Ltd,"Unit 2, Level 1, 18 Mount Gravatt-Capalaba Road, Upper Mt Gravatt",Location owned and operated by provider,18 Mount Gravatt-Capalaba Rd,Level 3,,,Upper Mount Gravatt,QLD,4122
03431G,New England School of English Pty. Ltd.,"Gold Coast - Cavill Avenue - Level 3, 38 Cavill Ave SURFERS PARADISE QLD 4217",Location owned and operated by provider,"Level 3, 38 Cavill Ave",,,,Surfers Paradise,QLD,4217
03431G,New England School of English Pty. Ltd.,"Gold Coast, 13 Nerang St Southport QLD 4215",Location owned and operated by provider,"Level 1, 13 Nerang St",,,,Southport,QLD,4215
03431G,New England School of English Pty. Ltd.,Melbourne Campus,Location owned and operated by provider,Level 5 190 Queen Street,,,,MELBOURNE,VIC,3000
03432G,Entrepreneur Education Pty Ltd,12-14 Annerley Rd Brisbane Campus,Location owned and operated by provider,12-14 Annerley Rd,,,,Woolloongabba,QLD,4102
03432G,Entrepreneur Education Pty Ltd,"Levels 1 to 3, 3240 Surfers Paradise Boulevard",Location owned and operated by provider,"Levels 1 to 3, 3240 Surfers Paradise Blvd",,,,SURFERS PARADISE,QLD,4217
03432G,Entrepreneur Education Pty Ltd,Southport Central Campus - 9 Lawson St,Location owned and operated by provider,Southport Central Campus,9 Lawson St,,,Southport,QLD,4215
03437B,Perth Technical College Pty Ltd,ATCWA NSW BANKSTOWN,Location owned and operated by provider,47 Rickard Rd,,,,BANKSTOWN,NSW,2200
03437B,Perth Technical College Pty Ltd,"Grnd Flr & Lvl 1, 2-8 Francis St Perth WA",Location owned and operated by provider,8 Francis St,"Level G, 1",,,Perth,WA,6000
03438A,The Wales Institute Pty Ltd,Melbourne,Location owned and operated by provider,Level 7 21 Victoria Street,,,,Melbourne,VIC,3000
03438A,The Wales Institute Pty Ltd,Perth,Location owned and operated by provider,Level 1 440 William Street,,,,Perth,WA,6000
03438A,The Wales Institute Pty Ltd,The Wales Institute - Mary Street,Location owned and operated by provider,Level 4 72-82 Mary St,,,,SURRY HILLS,NSW,2010
03439M,Mercury Institute of Victoria Pty Ltd,"Level 1, 117 Lonsdale Street MELBOURNE VIC",Location owned and operated by provider,28 Rutland Rd,,,,Box Hill,VIC,3128
03439M,Mercury Institute of Victoria Pty Ltd,MIV Canberra Campus - 15 Moore St CANBERRA ACT,Location owned and operated by provider,15 Moore St,,,,CANBERRA,ACT,2601
03441F,Russo Business School Pty Ltd,"349 Queen Street, Brisbane",Arrangement with other registered provider,349 Queen St,,,,Brisbane,QLD,4000
03442E,Australian Hospitality Skills Recognition Pty Ltd,"1/220 Princess Highway, Kogarah Bay, NSW 2217",Location owned and operated by provider,220 Princess Hwy,,,,Kogarah Bay,NSW,2217
03442E,Australian Hospitality Skills Recognition Pty Ltd,40-45 Mary Street Kingston Qld 4114,Location owned and operated by provider,320 Adelaide St,Level 7,,,BRISBANE CITY,QLD,4000
03442E,Australian Hospitality Skills Recognition Pty Ltd,"740 Ann Street, Fortitude Valley QLD, 4006",Location owned and operated by provider,740 Ann St,,,,Fortitude Valley,QLD,4006
03442E,Australian Hospitality Skills Recognition Pty Ltd,"ASMI Head Office - Office 1, Level 5, 269 Wickam St, FORTITUDE VALLEY",Location owned and operated by provider,269 Wickham St,Level 5,,,FORTITUDE VALLE,QLD,4006
03442E,Australian Hospitality Skills Recognition Pty Ltd,Australian Skills Management Institute NSW,Location owned and operated by provider,"Level 2, 222 Pitt St",,,,SYDNEY,NSW,2000
03442E,Australian Hospitality Skills Recognition Pty Ltd,"Level 7, 320 Adelaide Street, Brisbane",Location owned and operated by provider,320 Adelaide St,Level 7,,,BRISBANE CITY,QLD,4000
03442E,Australian Hospitality Skills Recognition Pty Ltd,Office 2 Level 8 269 Wickham St FORTITUDE VALLEY,Location owned and operated by provider,Office 2 Level 8 269 Wickham St,,,,FORTITUDE VALLEY,QLD,4006
03442E,Australian Hospitality Skills Recognition Pty Ltd,Office 4 Level 7 269 Wickham St FORTITUDE VALLEY,Location owned and operated by provider,Office 4 Level 7 269 Wickham St FORTITE VALLEY,,,,FORTITUDE VALLEY,QLD,4006
03442E,Australian Hospitality Skills Recognition Pty Ltd,"Suite 801A, Level 8 Rhodes Waterside",Location owned and operated by provider,"Suite 801A, Level 8 Rhodes Waterside",1 Rider Bvd,,,RHODES,NSW,2138
03444C,Choice Business College Pty Ltd,"Level 6, 541 Kent St, sydney NSW 2000",Location owned and operated by provider,"Level 6, 541 Kent St",,,,Sydney,NSW,2000
03444C,Choice Business College Pty Ltd,"Level 7, 541 Kent St SYDNEY NSW 2000",Arrangement with Non Registered Provider,"Suite 301, Level 7",541 Kent St,,,SYDNEY,NSW,2000
03444C,Choice Business College Pty Ltd,Melbourne Campus,Location owned and operated by provider,201 Fitzroy St,,,,ST KILDA,VIC,3182
03446A,ORANGE INTERNATIONAL COLLEGE PTY LTD,"235 Ingles St, Port Melbourne",Location owned and operated by provider,235 Ingles St,,,,Port Melbourne,VIC,3207
03446A,ORANGE INTERNATIONAL COLLEGE PTY LTD,Collins Street Melbourne,Location owned and operated by provider,420 Collins St,Level 6,,,Melbourne,VIC,3000
03449J,Australian Harvard International College Pty Ltd,"27 Sydney Street, Marrickville NSW 2204",Location owned and operated by provider,27 Sydney Street,,,,MARRICKVILLE,NSW,2204
03449J,Australian Harvard International College Pty Ltd,Level 1 84-86 Mary St,Location owned and operated by provider,Level 1 84-86 Mary St,,,,SURRY HILLS,NSW,2010
03449J,Australian Harvard International College Pty Ltd,"Unit 2, 13 Louise Avenue, Ingleburn NSW 2565",Location owned and operated by provider,Unit 2,13 Louise Avenue,,,INGLEBURN,NSW,2565
03450E,Global Education Consultant Pty Ltd,"Suite 1, Level 14, 190 Queen Street MELBOURNE VIC 3000",Location owned and operated by provider,"Suite 1, Level 14, 190 Queen Street",,,,Melbounre,VIC,3000
03453B,Masters In Training Pty Ltd,"Level 6, 271 William Street Melbourne 3000",Location owned and operated by provider,271 William St,Level 6 ,,,MELBOURNE,VIC,3000
03453B,Masters In Training Pty Ltd,St Kilda Rd,Location owned and operated by provider,608 St Kilda Rd,Level 3,,,Melbourne,VIC,3004
03457J,Times Academy Pty Ltd,"Level 4, 338 Pitt Street, SYDNEY",Location owned and operated by provider,338 Pitt St,Level 4,,,Sydney,NSW,2000
03457J,Times Academy Pty Ltd,Times Academy (Sussex Street),Location owned and operated by provider,452 Flinders St,,,,MELBOURNE,VIC,3000
03461B,Australia Christian College Pty Ltd,5 Burwood Hwy WANTIRNA VIC 3152,Arrangement with Non Registered Provider,5 Burwood Hwy,,,,WANTIRNA,VIC,3152
03461B,Australia Christian College Pty Ltd,ACC Sydney Campus-24 Euston St,Arrangement with other registered provider,24 Euston St,,,,RYDALMERE,NSW,2116
03461B,Australia Christian College Pty Ltd,Brisbane Roncorn Campus,Location owned and operated by provider,124 Nemies Rd,,,,RUNCORN,QLD,4113
03465J,The Canberra Training School Pty. Ltd.,75 Gozzard Street Gungahlin ACT 2913,Location owned and operated by provider,17 Oatley Ct,,,,BELCONNEN,ACT,2617
03465J,The Canberra Training School Pty. Ltd.,Belconnen Churches Centre,Location owned and operated by provider,"Suite 26, Level 2, 54 Benjamin Way",,,,BELCONNEN,ACT,2617
03465J,The Canberra Training School Pty. Ltd.,"CBTC - Braddon - 100 Northbourne Ave, BRADDON ACT 2612",Location owned and operated by provider,100 Northbourne Ave,,,,BRADDON,ACT,2612
03465J,The Canberra Training School Pty. Ltd.,CBTC BRADDON,Location owned and operated by provider,Unit 2 48 Mort St,,,,BRADDON,ACT,2612
03465J,The Canberra Training School Pty. Ltd.,"CBTC Sydney - 24-32 Lexington Dr, Bella Vista NSW 2153",Location owned and operated by provider,24-32 Lexington Dr,,,,Bella Vista,NSW,2153
03468F,Macallan College Pty Ltd,Macallan Brisbane Campus,Location owned and operated by provider,151 Wellington Rd,,,,EAST BRISBANE,QLD,4169
03468F,Macallan College Pty Ltd,Macallan College Pty Ltd (Adelaide - SA),Location owned and operated by provider,50 Grenfell St,Level 10,,,Adelaide,SA,5000
03468F,Macallan College Pty Ltd,Macallan College Pty Ltd (Harris Park - NSW),Location owned and operated by provider,11 Parkes St,,,,HARRIS PARK,NSW,2150
03468F,Macallan College Pty Ltd,Macallan College Pty Ltd (Perth - WA),Location owned and operated by provider,440 William St,Level 3,,,PERTH,WA,6000
03468F,Macallan College Pty Ltd,Macallan College Pty Ltd (Richmond - NSW),Location owned and operated by provider,104 Ham St,,,,SOUTH WINDSOR,NSW,2756
03473J,Aventia Institute Pty Ltd,Kitchen Site,Location owned and operated by provider,Shop 5 92 Commercial Rd,,,,TENERIFFE,QLD,4005
03473J,Aventia Institute Pty Ltd,Upper Mount Gravatt,Location owned and operated by provider,57 Sanders St,,,,UPPER MOUNT GRAVATT,QLD,4122
03474G,HCR Constructions Pty Ltd,Salisbury,Location owned and operated by provider,524 Beaudesert Rd,,,,Salisbury,QLD,4107
03474G,HCR Constructions Pty Ltd,Unit 9 91 Wembley Road Logan Central Qld,Location owned and operated by provider,91 Wembley Rd,,,,Logan Central,QLD,4114
03474G,HCR Constructions Pty Ltd,Wickham Street Fortitude Valley,Location owned and operated by provider,Office 5 Level 6 269 Wickham St,,,,FORTITUDE VALLEY,QLD,4006
03477E,Vanshraj Enterprises Pty Ltd,"Sydney Road, Coburg",Location owned and operated by provider,171 Sydney Rd,,,,Coburg,VIC,3058
03478D,Astar Training Institute Pty Ltd,BQ Sydney,Location owned and operated by provider,Suite 1901 Level 19 233 Castlereagh Street,,,,Sydney,NSW,2000
03478D,Astar Training Institute Pty Ltd,"Phillip St, Parramatta",Location owned and operated by provider,55 Phillip St,,,Suite 5 & 6,Parramatta,NSW,2150
03478D,Astar Training Institute Pty Ltd,"Suite 2, Level 2 16 - 18 Wentworth Street",Location owned and operated by provider,"Suite 2, Level 2 16 - 18 Wentworth Street",,,,PARRAMATTA,NSW,2150
03480K,Australasian International Academy Pty Ltd,"Suite 1, Level 5, 545 Kent Street",Location owned and operated by provider,545 Kent St,Level 5,,Suite 1,Sydney,NSW,2000
03482G,Thinkgate Learning Pty Ltd,Commercial Kitchen 11-17 Jeffcott St,Location owned and operated by provider,11-17 Jeffcott St,,,,WEST MELBOURNE,VIC,3003
03482G,Thinkgate Learning Pty Ltd,Level 14/474 Flinders St,Location owned and operated by provider,474 Flinders St,Level 14,,,MELBOURNE,VIC,3000
03483G,RTO Connect Pty Ltd,4-6 Baxter St Coburg,Location owned and operated by provider,4-6 Baxter St,,,,Coburt,VIC,3058
03483G,RTO Connect Pty Ltd,Lonsdale St Melbourne,Location owned and operated by provider,123 Lonsdale St,Level 2,,,Melbourne,VIC,3000
03483G,RTO Connect Pty Ltd,Northcote,Location owned and operated by provider,623 High St,,,,Northcote,VIC,3071
03487C,Vocational Training Institute Pty Ltd,Melbourne Campus,Location owned and operated by provider,182 Capel Street,,,,North Melbourne,VIC,3051
03489A,M.S Aviation Pty Ltd,"Level 4, 123-129 Lonsdale Street, Melbourne",Location owned and operated by provider,123 Lonsdale St,Level 4,,,Melbourne,VIC,3000
03489A,M.S Aviation Pty Ltd,"Level 4, 18 Elizabeth Street, Hobart",Location owned and operated by provider,18 Elizabeth St,,,,Hobart,TAS,7000
03490G,Llewellyn Projects Pty Ltd,Lonsdale Street Campus,Location owned and operated by provider,"Level 1, 382 Lonsdale Street",,,,MELBOURNE,VIC,3000
03500M,Adore Education Pty Ltd,Level 1 490 Upper Edward St SPRING HILL QLD 4000,Location owned and operated by provider,Level 1 490 Upper Edward St,,,,SPRING HILL,QLD,4000
03503G,Leaders Institute of Training and Education Pty Ltd,744 Queensberry St - North Melbourne Campus,Location owned and operated by provider,744 Queensberry St,,,,North Melbourne,VIC,3051
03503G,Leaders Institute of Training and Education Pty Ltd,Leaders Institute of Training and Education - 95-97 Albert St BRUNSWICK VIC 3056,Location owned and operated by provider,95-97 Albert St,,,,BRUNSWICK,VIC,3056
03504G,Sydney International Institute Pty Ltd,307 Pitt Street,Location owned and operated by provider,307 Pitt St,"Level 5, 7",,,Sydney,NSW,2000
03504G,Sydney International Institute Pty Ltd,Melbourne Campus,Location owned and operated by provider,Suite 2 Level 2 520 Collins St,,,,MELBOURNE,VIC,3000
03505F,GRIFFIN COLLEGE OF MANAGEMENT & TECHNOLOGY PTY. LTD.,Brisbane CBD,Location owned and operated by provider,Level 8 116 Adelaide St,,,,Brisbane,QLD,4000
03509B,NEW ERA INSTITUTE PTY LTD,George Street Windsor,Location owned and operated by provider,13 & 14 - 100 George Street,,,,Windsor,NSW,2756
03510J,Training Masters Pty Ltd,"Pitt Street, Sydney",Location owned and operated by provider,338 Pitt St,Level 5,,,SYDNEY,NSW,2000
03512G,The Centre of Excellence Pty Ltd,"Adelaide Campus - Level 2, 38 Currie Street, ADELAIDE SA 5000",Location owned and operated by provider,38 Currie St,Level 2,,,ADELAIDE,SA,5000
03512G,The Centre of Excellence Pty Ltd,Geelong,Location owned and operated by provider,126 Yarra St,,,,Geelong,VIC,3220
03512G,The Centre of Excellence Pty Ltd,GITTC Indiana Avenue,Location owned and operated by provider,19 Indiana Ave,,,,CORIO,VIC,3214
03512G,The Centre of Excellence Pty Ltd,Melbourne Campus,Location owned and operated by provider,406 Collins St,Level 4,,,Melbourne,VIC,3000
03512G,The Centre of Excellence Pty Ltd,North Geelong,Location owned and operated by provider,8 Roseneath St,,,,NORTH GEELONG,VIC,3215
03513F,Real Group Pty Ltd,Southport Campus - Shop 4 Ground Floor 126 Scarborough St SOUTHPORT,Location owned and operated by provider,"Shop 4, Ground Floor, 126 Scarborough St",,,,SOUTHPORT,QLD,4215
03523D,Student Development and Learning (SDL) Academy Pty Ltd,SCSB Melbourne Campus - 166-172 Exhibition St MELBOURNE VIC 3000,Location owned and operated by provider,166-172 Exhibition St MELBOURNE VIC 3000,,,,MELBOURNE,VIC,3000
03523D,Student Development and Learning (SDL) Academy Pty Ltd,Suite 603 Level 6 2 Meredith St BANKSTOWN NSW 2200,Location owned and operated by provider,Suite 603 Level 6   2 Meredith St,,,,BANKSTOWN,NSW,2200
03529J,Mechanical Institute of Training and Technology Pty Ltd,113 Burgundy Street HEIDELBERG,Location owned and operated by provider,113 Burgundy Street,,,,HEIDELBERG,VIC,3084
03529J,Mechanical Institute of Training and Technology Pty Ltd,Level 2 50 Grenfell St,Arrangement with Non Registered Provider,Level 2 50 Grenfell St,,,,ADELAIDE,SA,5000
03529J,Mechanical Institute of Training and Technology Pty Ltd,NSW Auto Workshop - 12 Marsh St CLYDE NSW,Location owned and operated by provider,12 Marsh St,,,,CLYDE,NSW,2142
03529J,Mechanical Institute of Training and Technology Pty Ltd,SA - St Agnes Workshop 118 Tolley Rd ST AGNES SA,Location owned and operated by provider,118 Tolley Road St,,,,Agnes,SA,5097
03529J,Mechanical Institute of Training and Technology Pty Ltd,"Unit 2, 29 Cameron St BRUNSWICK",Location owned and operated by provider,29 Cameron St,,,,Brunswick,VIC,3056
03529J,Mechanical Institute of Training and Technology Pty Ltd,Unit 4 78-84 Catalano Cct CANNING VALE WA 6155,Arrangement with Non Registered Provider,Unit 4 78-84 Catalano Cct,,,,CANNING VALE,WA,6155
03530E,The Cairnmillar Institute,The Cairnmillar Institute (Hawthorn),Location owned and operated by provider,391-393 Tooronga Road,,,,Hawthorn East,VIC,3123
03535M,Polytechnic Institute Australia Pty Ltd,"107 George Street, Paramatta NSW 2150",Location owned and operated by provider,107 George Street,,,,Parramatta,NSW,2150
03535M,Polytechnic Institute Australia Pty Ltd,"Ground Floor, Levels 1 and 2, 98104 Goulburn Street, Sydney NSW 2000",Location owned and operated by provider,98104 Goulburn Street,"Ground Floor, Levels 1 and 2",,,Sydney,NSW,2000
03535M,Polytechnic Institute Australia Pty Ltd,"Level 1, 363 King Street, West Melbourne 3003",Location owned and operated by provider,"Level 1, 363 King Street",,,,West Melbourne,VIC,3003
03535M,Polytechnic Institute Australia Pty Ltd,"Level 1, West, 237 Ryrie Street, Geelong Victoria 3220",Location owned and operated by provider,"Level 1, West, 237 Ryrie Street,",,,,Geelong,VIC,3220
03535M,Polytechnic Institute Australia Pty Ltd,"Level 16, 233 Castlereagh Street",Arrangement with other registered provider,"Level 16, 233 Castlereagh Street",,,,Sydney,NSW,2000
03537J,Australian Capital Group Pty Ltd,Capital College - Seven Hills - Unit 11 197 Prospect Hwy SEVEN HILLS  NSW 2147,Location owned and operated by provider,Unit 11,197 Prospect Hwy,,,SEVEN HILLS,NSW,2147
03537J,Australian Capital Group Pty Ltd,Flynn,Location owned and operated by provider,21 Bingle St,,,,FLYNN,ACT,2615
03537J,Australian Capital Group Pty Ltd,"Level 2, 17 University Ave Canberra",Location owned and operated by provider,17 University Ave,Level 2,,,Canberra,ACT,2601
03540C,Clinton Education Pty Ltd,Level 9 313 La Trobe St MELBOURNE VIC 3000,Location owned and operated by provider,Level 9 313 La Trobe St,,,,MELBOURNE,VIC,3000
03540C,Clinton Education Pty Ltd,"Liverpool Street, Hobart",Location owned and operated by provider,Level 4 169 Liverpool Street,,,,Hobart,TAS,7000
03542A,QIHE PTY LTD,"Level 5, 119 Charlotte St Brisbane QLD 4000",Location owned and operated by provider,"Level 5, 119 Charlotte St",,,,Brisbane,QLD,4000
03546G,Elite Education Group PTY. LTD.,Petersham Campus,Location owned and operated by provider,586-590 Parramatta Road,,,,PETERSHAM,NSW,2049
03546G,Elite Education Group PTY. LTD.,Quay Street Campus,Location owned and operated by provider,"Level 6, 8 Quay St",,,,HAYMARKET,NSW,2000
03548F,Excellent Accounts Pty Ltd,10 Victoria Avenue,Arrangement with Non Registered Provider,10 Victoria Ave,,,,Perth,WA,6000
03548F,Excellent Accounts Pty Ltd,230 Railway Parade Queens Park WA,Location owned and operated by provider,230 Railway Parade,,,,Queens Park,WA,6107
03548F,Excellent Accounts Pty Ltd,Skills Australia Institute,Location owned and operated by provider,50 Grenfell St,Level 1,,,ADELAIDE,SA,5000
03549E,York Business Institute Pty. Ltd.,"Suite 2, Lvl 1, 338-340 Pitt St, Sydney 2000",Location owned and operated by provider,"Suite 2, Lvl 1, 338-340 Pitt St",,,,Sydney,NSW,2000
03549E,York Business Institute Pty. Ltd.,YBI@Glebe - 54 Parramatta Rd FOREST LODGE,Location owned and operated by provider,54 Parramatta Rd,,,,FOREST LODGE,NSW,2037
03549E,York Business Institute Pty. Ltd.,YBI@Sydney,Location owned and operated by provider,Level 4 & 5,70-72 Bathurst St,,,Sydney,NSW,2000
03551M,Golden Wattle Group Pty Ltd,Adelaide,Location owned and operated by provider,50 Grenfell St,"Level G, 2",,,Adelaide,SA,5000
03551M,Golden Wattle Group Pty Ltd,SAY Kitchen,Arrangement with Non Registered Provider,70 Currie St,,,,ADELAIDE,SA,5000
03551M,Golden Wattle Group Pty Ltd,"University of South Australia, City East Campus",Arrangement with other registered provider,101 Currie St,,,,ADELAIDE,SA,5000
03552K,BARRINGTON TRAINING SERVICES QUEENSLAND PTY LTD,Barrington College Australia,Location owned and operated by provider,9 Seabank Lane,,,,SOUTHPORT,QLD,4215
03553J,ANIT Australia Pty Ltd,341 Queen St Melbourne,Location owned and operated by provider,341 Queen St,"Level 2, 8",,,Melbourne,VIC,3000
03553J,ANIT Australia Pty Ltd,"54 La Trobe Street, MELBOURNE VIC 3000",Location owned and operated by provider,54 La Trobe Street,,,,MELBOURNE,VIC,3000
03553J,ANIT Australia Pty Ltd,"Level 7, 15 Adelaide Street, Brisbane",Location owned and operated by provider,Level 7,15 Adelaide Street,,,BRISBANE,QLD,4000
03553J,ANIT Australia Pty Ltd,"Levels  5 & 14, 90 King William St, Adelaide",Location owned and operated by provider,90 King William St,"Levels 4, 5, 14",,,Adelaide,SA,5000
03553J,ANIT Australia Pty Ltd,Melbourne Training Kitchen - 47-51 Boundary Rd NORTH MELBOURNE VIC 3051,Location owned and operated by provider,47-51 Boundary Rd,,,,NORTH MELBOURNE,VIC,3051
03553J,ANIT Australia Pty Ltd,Quay St HAYMARKET,Location owned and operated by provider,"Ground - Level 2, Level 3",10 Quay St,,,Haymarket,NSW,2000
03553J,ANIT Australia Pty Ltd,Suite 1 Level 6 15 Adelaide St BRISBANE CITY QLD 4000,Location owned and operated by provider,Suite 1 Level 6 15 Adelaide St,,,,BRISBANE CITY,QLD,4000
03553J,ANIT Australia Pty Ltd,"Unit 4, 5-7 Macaulay Street, WILLIAMSTOWN NORTH VIC 3016",Location owned and operated by provider,Unit 4,5-7 Macaulay Street,,,WILLIAMSTOWN,VIC,3016
03553J,ANIT Australia Pty Ltd,"West Kiosk 2, Adelaide Oval, NORTH ADELAIDE SA 5006",Location owned and operated by provider,West Kiosk 2,Adelaide Oval,,,ADELAIDE,SA,5000
03556F,Crown Education Pty Ltd,Trinity Smith St Parramatta Campus - 35 Smith St PARRAMATTA NSW  2150,Location owned and operated by provider,35 Smith St,,,,PARRAMATTA,NSW,2150
03556F,Crown Education Pty Ltd,Trinity Sydney City Campus,Location owned and operated by provider,Level 5,770 George St,,,HAYMARKET,NSW,2000
03562G,CACHET TRAINING PTY LIMITED,565 George St SYDNEY NSW 2000,Location owned and operated by provider,565 George St,Level 4 & 5,,,SYDNEY,NSW,2000
03564F,GLOBAL COLLEGE AUSTRALASIA PTY. LTD.,176 Wellington Street East Perth WA 6004,Location owned and operated by provider,176 Wellington St,,,,East Perth,WA,6004
03564F,GLOBAL COLLEGE AUSTRALASIA PTY. LTD.,Moore Street Campus,Location owned and operated by provider,21 Moore St,,,,East Perth,WA,6004
03565E,INSTITUTE OF GLOBAL EDUCATION AND TRAINING PTY. LTD.,"Lvls 4 & 5, 14 Railway Pde Burwood NSW",Location owned and operated by provider,14 Railway Pde,"Level 4, 5",,,Burwood,NSW,2134
03566D,Lennox Institute Pty Ltd,32B Williamson Road Maribyrnong,Location owned and operated by provider,32B Williamson Rd,,,,Maribyrnong,VIC,3032
03566D,Lennox Institute Pty Ltd,Head Office,Location owned and operated by provider,487 King Street,,,,WEST MELBOURNE,VIC,3003
03566D,Lennox Institute Pty Ltd,"level 2, 11-13 Aird St, Parramatta 2150",Location owned and operated by provider,"Level 2, 11-13 Aird St",,,,Parramatta,NSW,2150
03567C,Engineering Institute of Technology Pty Ltd,"6 and 8 Thelma Street, West Perth WA 6005",Location owned and operated by provider,6 and 8 Thelma Street,,,,West Perth,WA,6005
03567C,Engineering Institute of Technology Pty Ltd,"Level 6, 333 Adelaide Street, Brisbane",Location owned and operated by provider,"Level 6, 333 Adelaide Street",,,,Brisbane,QLD,4000
03567C,Engineering Institute of Technology Pty Ltd,"Levels 4 and 5, 301 Flinders Lane, Melbourne VIC 3000",Location owned and operated by provider,"Levels 4 and 5, 301 Flinders Lane",,,,Melbourne,VIC,3000
03569A,Australis College Pty Ltd,NOMI COLLEGE - ADELAIDE CAMPUS,Location owned and operated by provider,118 King William St,,,,ADELAIDE,SA,5000
03569A,Australis College Pty Ltd,NOMI COLLEGE - MELBOURNE CAMPUS,Location owned and operated by provider,Level 10 108 Lonsdale St,,,,Melbourne,VIC,3000
03569A,Australis College Pty Ltd,NOMI COLLEGE - PERTH CAMPUS,Location owned and operated by provider,268 Pier St,,,,PERTH,WA,6000
03569A,Australis College Pty Ltd,SURRY HILLS CAMPUS,Location owned and operated by provider,Unit 505,410 Elizabeth Street,,,Surry Hills,NSW,2010
03571G,IBMA Education Pty Ltd,42 Marine Pde SOUTHPORT QLD 4215,Location owned and operated by provider,42 Marine Pde,,,,SOUTHPORT,QLD,4215
03571G,IBMA Education Pty Ltd,"Level 10, Suite 106 and 107 - 420 Pitt St HAYMARKET NSW 2000",Location owned and operated by provider,Level 10,Suite 106 and 107,420 Pitt St,,HAYMARKET,NSW,2000
03571G,IBMA Education Pty Ltd,Unit 102 420 Pitt Street Haymarket NSW 2000 - Unit 102 420 Pitt St  HAYMARKET NSW 2000,Location owned and operated by provider,Unit 102 420 Pitt Street,,,,HAYMARKET,NSW,2000
03571G,IBMA Education Pty Ltd,Unit 105 420 Pitt St HAYMARKET NSW,Location owned and operated by provider,Unit 105 420 Pitt St,,,,HAYMARKET,NSW,2000
03574D,Beauty Therapy Training Australia Pty Ltd,"Wickham Street - 269 Wickham St, Fortitude Valley QLD 4006",Location owned and operated by provider,269 Wickham St,,,,Fortitude Valley,QLD,4006
03575C,Care Plus Training Pty Ltd,Head Office - Unit 106 3 Railway Pde BURWOOD,Arrangement with Non Registered Provider,3 Railway Pde,,,,BURWOOD,NSW,2134
03578M,Lyons Education Group Pty Ltd,Collins Street,Location owned and operated by provider,303 Collins St,Level 4,,,Melbourne,VIC,3000
03578M,Lyons Education Group Pty Ltd,Richmond Kitchen,Location owned and operated by provider,178-180 Victoria St,,,,RICHMOND,VIC,3121
03580F,Gamma Education & Training Pty Ltd,Brisbane Campus - 252 St Pauls Terrace Fortitude Valley,Location owned and operated by provider,252 St Pauls Terrace,,,,Fortitude Valley,QLD,4006
03580F,Gamma Education & Training Pty Ltd,"Level 3/Suite 3.09-3.11 - 22-36 Mountain St, Ultimo, NSW",Location owned and operated by provider,22 Mountain St,Level 3,,Suite 3.09-3.11,Ultimo,NSW,2007
03580F,Gamma Education & Training Pty Ltd,Melbourne City Campus 301-311 Flinders Lane MELBOURNE VIC,Location owned and operated by provider,301-311 Flinders Lane,,,,MELBOURNE,VIC,3000
03580F,Gamma Education & Training Pty Ltd,Sydney City Campus,Location owned and operated by provider,Level 13 338-340 Pitt St,,,,SYDNEY,NSW,2000
03581E,Proteus Technologies Pty Ltd,Ikon Adelaide Campus,Location owned and operated by provider,"Level 3, 127 Rundle Mall",,,,Adelaide,SA,5000
03581E,Proteus Technologies Pty Ltd,Ikon Brisbane Campus,Location owned and operated by provider,243 Edward St,,,,BRISBANE,QLD,4000
03581E,Proteus Technologies Pty Ltd,Ikon Melbourne Campus,Location owned and operated by provider,601 Bourke St,"Levels 2,3, 4, 6 and 7",,,Melbourne,VIC,3000
03581E,Proteus Technologies Pty Ltd,Ikon Sydney Campus,Location owned and operated by provider,"Levels 5 and 6, 187-189 Thomas St","AND Level 3,  1-59 Quay St,",Block B of Building 5 (CB05),,Haymarket,NSW,2000
03586M,Mindroom Innovation PTY LTD,"Mindroom Innovation - Office 1, 37 Connor Street, BURLEIGH HEADS QLD",Location owned and operated by provider,37 Connor St,,,,BURLEIGH HEADS,QLD,4220
03586M,Mindroom Innovation PTY LTD,Mindroom Innovation - Office 2A,Location owned and operated by provider,Office 2A - 37 Connor St,,,,BURLEIGH HEADS,QLD,4220
03587K,ALBURY COLLEGE PTY LTD,George Street Campus - Shop 1 46 George St PARRAMATTA NSW  2150,Location owned and operated by provider,Shop 1 46 George St,,,,PARRAMATTA,NSW,2150
03587K,ALBURY COLLEGE PTY LTD,South Brisbane Campus,Location owned and operated by provider,82A Merivale St,,,,SOUTH BRISBANE,QLD,4101
03587K,ALBURY COLLEGE PTY LTD,Unit 2805/ 5 Lawson Street SOUTHPORT QLD 4215,Location owned and operated by provider,Unit 2805 5 Lawson St,,,,SOUTHPORT,QLD,4215
03587K,ALBURY COLLEGE PTY LTD,Wentworth Campus - Level 2 12-14 Wentworth St PARRAMATTA NSW  2150,Location owned and operated by provider,Level 2 12-14 Wentworth St,,,,PARRAMATTA,NSW,2150
03588J,SKILLSET TRAINING PTY. LTD.,"Unit 14, 44-56 Hampstead Rd, Maidstone",Location owned and operated by provider,44 Hampstead Rd,,,,Maidstone,VIC,3012
03590D,AUSTRALIA ACADEMY INTERNATIONAL PTY LTD,188 Collins St HOBART TAS 7000,Location owned and operated by provider,188 Collins St,,,,Hobart,TAS,7000
03590D,AUSTRALIA ACADEMY INTERNATIONAL PTY LTD,BRIS CENTRE - Level 4 102 Adelaide St,Location owned and operated by provider,BRIS CENTRE - Level 4 102 Adelaide St,,,,Brisbane,QLD,4000
03590D,AUSTRALIA ACADEMY INTERNATIONAL PTY LTD,BRIS CENTRE 2 - Level 3 316 Adelaide St,Location owned and operated by provider,BRIS CENTRE 2 - Level 3 316 Adelaide St,,,,Brisbane,QLD,4000
03594M,IIPM Pty Ltd,"2318 Albany Highway, Gosnells, WA",Location owned and operated by provider,2318 Albany Hwy,,,,Gosnells,WA,6110
03594M,IIPM Pty Ltd,"Level 4, 382 Lonsdale Street, Melbourne",Arrangement with Non Registered Provider,382 Lonsdale St,Level 4,,,Melbourne,VIC,3000
03594M,IIPM Pty Ltd,Level 5 440 Elizabeth Building,Location owned and operated by provider,Level 5 440 Elizabeth St,,,,Melbourne,VIC,3000
03595K,AUSTRALIAN HEALTH AND MANAGEMENT INSTITUTE PTY LTD,AHMI Clyde,Location owned and operated by provider,4 Marsh St,,,,CLYDE,NSW,2142
03595K,AUSTRALIAN HEALTH AND MANAGEMENT INSTITUTE PTY LTD,AHMI Fennell St,Location owned and operated by provider,87 Fennell St,,,,NORTH PARRAMATTA,NSW,2151
03595K,AUSTRALIAN HEALTH AND MANAGEMENT INSTITUTE PTY LTD,Marion St PARRAMATTA NSW 2150,Location owned and operated by provider,41 Marion St,,,,PARRAMATTA,NSW,2150
03596J,ST ALBANS INSTITUTE PTY LTD,"Level 4, 171 La Trobe St, Melbourne",Location owned and operated by provider,171 La Trobe St,Level 4,,,Melbourne,VIC,3000
03597G,LANEWAY EDUCATION PTY LTD,Level 4 532-540 George St SYDNEY NSW 2000,Location owned and operated by provider,Level 4 532-540,George St,,,Sydney,NSW,2000
03597G,LANEWAY EDUCATION PTY LTD,Melbourne CBD,Location owned and operated by provider,118 Queen St,Level 7,,,MELBOURNE,VIC,3000
03597G,LANEWAY EDUCATION PTY LTD,St Kilda Campus - Unit 3 201 Fitzroy St ST KILDA  VIC,Location owned and operated by provider,Unit 3 201 Fitzroy St,,,,ST KILDA,VIC,3182
03601F,Wall Street College Pty Ltd,Collins St Campus,Location owned and operated by provider,Suite 2 Level 2 520 Collins St,,,,MELBOURNE,VIC,3000
03602E,Australian Training School Pty Ltd,Arncliffe Campus - Shop 6 106 Princes Highway Arncliffe NSW,Location owned and operated by provider,Shop 6,106 Princes Highway,,,Arncliffe,NSW,2205
03602E,Australian Training School Pty Ltd,"Levels 1, 2 & 4 - 95 Bathurst Street Sydney",Location owned and operated by provider,95 Bathurst St,"Level 1, 2, 4",,,Sydney,NSW,2000
03602E,Australian Training School Pty Ltd,Suite 1 Ground Floor 97 Pirie St ADELAIDE SA 5000,Location owned and operated by provider,97 Pirie St,Level G,,,ADELAIDE,SA,5000
03604C,Bryan Peach Institute Pty Ltd,364 Lonsdale St MELBOURNE VIC 3000,Arrangement with Non Registered Provider,364 Lonsdale St,,,,MELBOURNE,VIC,3000
03604C,Bryan Peach Institute Pty Ltd,"56 Caloola Drive, TWEED HEADS NSW 2485",Location owned and operated by provider,56 Caloola Dr,,,,Tweed Heads,NSW,2485
03604C,Bryan Peach Institute Pty Ltd,Kangaroo Point QLD - 310 Vulture St KANGAROO POINT QLD 4169,Location owned and operated by provider,310 Vulture St,,,,Kangaroo Point,QLD,4169
03604C,Bryan Peach Institute Pty Ltd,Orchid Ave Surfers Paradise,Location owned and operated by provider,Level 2 18-22 Orchid Avenue,,,,SURFERS  PARADISE,QLD,4217
03604C,Bryan Peach Institute Pty Ltd,"SURFERS PARADISE QLD - 64 Ferny Ave, SURFERS PARADISE QLD 4217",Location owned and operated by provider,64 Ferny Ave,,,,Surfers Paradise,QLD,4217
03605B,Australian Frontline Training College Pty Ltd,"Unit 7, 96 Wilkie Street YEERONGPILLY",Location owned and operated by provider,96 Wilkie St,,,,YEERONGPILLY,QLD,4103
03606A,Angel Investments Group Pty Ltd,62 Newquay Promenade,Location owned and operated by provider,62 Newquay Promenade,,,,Docklands,VIC,3008
03606A,Angel Investments Group Pty Ltd,Bourke St,Location owned and operated by provider,271 Bourke St,Level 3,,,Melbourne,VIC,3000
03606A,Angel Investments Group Pty Ltd,Queen St Campus,Location owned and operated by provider,Level 9 85 Queen St,,,,MELBOURNE,VIC,3000
03609J,TRAINING ORGANISATION NSW PTY LTD,460 Church Street Parramatta,Location owned and operated by provider,460 Church St,Level 6,,,Parramatta,NSW,2150
03609J,TRAINING ORGANISATION NSW PTY LTD,Melbourne Campus - 49-51 Henderson St NORTH MELBOURNE VIC  3051,Location owned and operated by provider,49-51 Henderson St,,,,NORTH MELBOURNE,VIC,3051
03609J,TRAINING ORGANISATION NSW PTY LTD,Parramatta Campus,Location owned and operated by provider,39 Macarthur Street,,,,PARRAMATTA,NSW,2150
03610E,Australia Institute of Business & Technology - International Pty Ltd,125 Main Street Blacktown,Location owned and operated by provider,125 Main St,Level 2,,,Blacktown,NSW,2148
03610E,Australia Institute of Business & Technology - International Pty Ltd,"18 Mt Gravatt Capalaba Rd, Upper Mt Gravatt",Location owned and operated by provider,18 Mt Gravatt Capalaba Rd,,,,UPPER MOUNT GRAVATT,QLD,4122
03614A,RANSFORD COLLEGE PTY LTD,Level 1 54-58 Brookes Street Bowen hills,Location owned and operated by provider,Level 1 54-58 Brookes Street,,,,Bowen hills,QLD,4006
03614A,RANSFORD COLLEGE PTY LTD,Melbourne City,Location owned and operated by provider,Level 10 108 Lonsdale St,,,,MELBOURNE,VIC,3000
03614A,RANSFORD COLLEGE PTY LTD,Parramatta RANSFORD,Location owned and operated by provider,222 Church St,,,,PARRAMATTA,NSW,2150
03614A,RANSFORD COLLEGE PTY LTD,RANSFORD - Footscray,Location owned and operated by provider,79 Paisley St,,,,Footscray,VIC,3011
03614A,RANSFORD COLLEGE PTY LTD,Ransford Adelaide,Location owned and operated by provider,"LEVEL 3 , 50 GRENFELL STREET",,,,Adelaide,SA,5000
03614A,RANSFORD COLLEGE PTY LTD,Salisbury,Location owned and operated by provider,460 Beaudesert Rd,,,,Salisbury,QLD,4114
03614A,RANSFORD COLLEGE PTY LTD,Sydney CBD,Location owned and operated by provider,Level 1 16-22 Wentworth Ave,,,,SURRY HILLS,NSW,2010
03618G,Pan Bird Pty Ltd,Level 1 158-160 Swanston St MELBOURNE VIC 3000,Location owned and operated by provider,158 Swanston St,Level 1,,,MELBOURNE,VIC,3000
03618G,Pan Bird Pty Ltd,Level 4 470 Collins St Melbourne VIC 3000,Location owned and operated by provider,Level 4 470 Collins Street,,,,Melbourne,VIC,3000
03620C,Sydney City College of Management Pty Ltd,17 Macquarie St Parramatta NSW,Location owned and operated by provider,17 Macquarie St,Level 2,,,Parramatta,NSW,2150
03620C,Sydney City College of Management Pty Ltd,Adelaide Campus,Location owned and operated by provider,Level 8 50 Grenfell St,,,,ADELAIDE,SA,5000
03620C,Sydney City College of Management Pty Ltd,Darwin Campus,Location owned and operated by provider,"Ground Floor, 25 Cavenagh St",,,,DARWIN CITY,NT,0800
03620C,Sydney City College of Management Pty Ltd,"Level 1, 303 Pitt St SYDNEY NSW 2000",Arrangement with Non Registered Provider,303 Pitt St,Level 1,,,SYDNEY,NSW,2000
03622A,AISL PTY LTD,"Levels 2 & 4, 616-620 Harris St, ULTIMO",Location owned and operated by provider,616 Harris St,"Level 2, 4",,,Ultimo,NSW,2007
03622A,AISL PTY LTD,Suite 307 451 Pitt St HAYMARKET NSW 2000,Location owned and operated by provider,Suite 307 451 Pitt St,,,,HAYMARKET,NSW,2000
03627G,MID CITY EDUCATION PTY LTD,ACT Mid City Campus - 15 Moore St CANBERRA ACT 2601,Location owned and operated by provider,15 Moore Street,,,,CANBERRA,ACT,2601
03627G,MID CITY EDUCATION PTY LTD,Dickson Tyre and Mechanical Pty Ltd,Location owned and operated by provider,25 Badham St,,,,DICKSON,ACT,2602
03627G,MID CITY EDUCATION PTY LTD,Mawson Place,Location owned and operated by provider,118 Mawson Pl,,,,MAWSON,ACT,2607
03627G,MID CITY EDUCATION PTY LTD,Youth With a Mission Canberra,Location owned and operated by provider,76 Federal Hwy,,,,WATSON,ACT,2602
03630A,Australian English Colleges Pty. Ltd.,"247 King Street, MASCOT NSW",Location owned and operated by provider,247 King St,,,,Mascot,NSW,2020
03631M,APLUS EDUCATION GROUP Pty. Ltd.,Melbourne CBD Campus,Location owned and operated by provider,- Suite 2 Level 9 190 Queen St,,,,Melbourne,VIC,3000
03631M,APLUS EDUCATION GROUP Pty. Ltd.,Suite 3 Level 9 190 Queen St MELBOURNE VIC 3000,Arrangement with Non Registered Provider,Suite 3 Level 9 190 Queen St,,,,MELBOURNE,VIC,3000
03631M,APLUS EDUCATION GROUP Pty. Ltd.,"Unit 101/991 Whitehorse Road, Box Hill",Location owned and operated by provider,101/991 Whitehorse Rd,,,,Box Hill,VIC,3128
03631M,APLUS EDUCATION GROUP Pty. Ltd.,"Unit 102/991 Whitehorse Road, Box Hill",Location owned and operated by provider,102/991 Whitehorse Rd,,,,Box Hill,VIC,3128
03632K,Five Diamonds Group Pty Ltd,"City Campus - Level 5, 310 King Street",Location owned and operated by provider,"Level 5, 310 King St",,,,MELBOURNE,VIC,3000
03635G,Brighton College Pty Ltd,Margaret St BNE Campus - Level 2 108 Margaret St BRISBANE CITY  QLD 4000,Location owned and operated by provider,Level 2 108 Margaret St,,,,BRISBANE,QLD,4000
03635G,Brighton College Pty Ltd,"Melbourne Campus, Ground, Level 1 and 2",Location owned and operated by provider,"Ground, Level 1 and 2 - 255 William Street",,,,Melbourne,VIC,3000
03635G,Brighton College Pty Ltd,Tasmania Campus,Arrangement with Non Registered Provider,73-81 Murray St,,,,HOBART,TAS,7000
03636F,Lead College Pty Ltd,HAYMARKET - LEAD COLLEGE PTY LTD - 841 George St,Location owned and operated by provider,841 George St,Level 1,,,HAYMARKET,NSW,2000
03636F,Lead College Pty Ltd,Lead - Hospitality - 15B Albert St,Location owned and operated by provider,15B Albert St,,,Unit 201 ,NORTH PARRAMATTA,NSW,2151
03636F,Lead College Pty Ltd,Lead - Perth - 15 Leila St CANNINGTON WA 6107,Location owned and operated by provider,15 Leila St,,,,Cannington,WA,6107
03636F,Lead College Pty Ltd,Lead - River Rd - Unit 4 1 River Rd W PARRAMATTA NSW 2150,Location owned and operated by provider,Unit 4 1 River Rd,,,,West Parramatta,NSW,2150
03636F,Lead College Pty Ltd,Parramatta Lead - 37 George St,Location owned and operated by provider,37 George St,,,,PARRAMATTA,NSW,2150
03636F,Lead College Pty Ltd,South Windsor - 6 Dowling Pl,Location owned and operated by provider,6 Dowling Pl,,,,SOUTH WINDSOR,NSW,2756
03639C,MG Australia Group Pty Ltd,MG Australia Group Pty Ltd,Location owned and operated by provider,Suite 701 11-15 Deane St,Level 7,,,BURWOOD,NSW,2134
03640K,Manigram Pty Ltd,Fitzwilliam (NSW) Campus,Location owned and operated by provider,"Level 3, 1 Fitzwilliam street",,,,Parramatta,NSW,2150
03640K,Manigram Pty Ltd,Milton (QLD) Campus,Location owned and operated by provider,18 Finchley St,,,,MILTON,QLD,4064
03642G,DOLPH LEARNING PTY LTD,"17  21 Buckhurst Street, South Melbourne VIC 3205",Location owned and operated by provider,17 Buckhurst St,,,,South Melbourne,VIC,3205
03642G,DOLPH LEARNING PTY LTD,"946 High St, Reservoir",Location owned and operated by provider,946 High St,,,,Reservoir,VIC,3073
03642G,DOLPH LEARNING PTY LTD,Level 1 372 Spencer St WEST MELBOURNE VIC  3003,Location owned and operated by provider,Level 1 372 Spencer St,,,,WEST MELBOURNE,VIC,3003
03644F,Key 2 Learning Pty Ltd,49 Phillip Ave Watson ACT 2602,Location owned and operated by provider,49 Phillip Ave,,,,Watson,ACT,2602
03644F,Key 2 Learning Pty Ltd,5-7 Lithgow St CAMPBELLTOWN NSW 2560,Arrangement with other registered provider,5 Lithgow St,,,,CAMPBELLTOWN,NSW,2560
03645E,Collins Academy Pty Ltd,311 Flinders Lane,Location owned and operated by provider,301-311 Flinders Lane,,,,MELBOURNE,VIC,3000
03645E,Collins Academy Pty Ltd,Level 5 259 Collins St,Location owned and operated by provider,Level 5 259 Collins St,,,,Melbourne,VIC,3000
03645E,Collins Academy Pty Ltd,North Melbourne - 287 Macaulay Rd,Location owned and operated by provider,287 Macaulay Rd,,,,NORTH MELBOURNE,VIC,3051
03646D,Australian Design College Pty Ltd,"Shop 2, 746 Swanston St, Carlton",Location owned and operated by provider,"Shop 2, 746 Swanston St",,,,Carlton,VIC,3053
03648B,KNIT GROUP AUSTRALIA PTY LTD,"Automotive Workshop Redfern - 175 Cleveland St, Redfern NSW 2016",Location owned and operated by provider,175 Cleveland St,,,,Redfern,NSW,2016
03648B,KNIT GROUP AUSTRALIA PTY LTD,Burwood Campus - 11 Deane St,Location owned and operated by provider,11 Deane St,Level 2,,,Burwood,NSW,2134
03648B,KNIT GROUP AUSTRALIA PTY LTD,GeSS Education Southport - 36-42 Marine Parade,Location owned and operated by provider,36-42 Marine Parade,Suite 8001 Australia Fair Office Tower,Australia Fair,,SOUTHPORT,QLD,4215
03648B,KNIT GROUP AUSTRALIA PTY LTD,"Surry Hills Campus (Suite 403, 400-412 Elizabeth Street, Surry Hills NSW 2010)",Location owned and operated by provider,"Suite 403, 400-412 Elizabeth Street",,,,Surry Hills,NSW,2010
03649A,Victorian Education and Training Group Pty Ltd,"407 High Street, Lalor",Location owned and operated by provider,407 High St,,,,Lalor,VIC,3075
03649A,Victorian Education and Training Group Pty Ltd,"Level 4, 259 Collins Street, Melbourne",Location owned and operated by provider,"Level 4, 259 Collins Street",,,,Melbourne,VIC,3000
03651G,Akram Kahla Pty Ltd,Level 5 16-18 Wentworth St PARRAMATTA NSW,Location owned and operated by provider,Level 5 16-18 Wentworth St,,,,PARRAMATTA,NSW,2150
03652F,Choice Academic College Pty Ltd,"7 Hassall Street, Parramatta NSW 2150",Location owned and operated by provider,7 Hassall St,,,,Parramatta,NSW,2150
03652F,Choice Academic College Pty Ltd,CAC Rockdale Campus,Location owned and operated by provider,Suite 3 633 Princes Hwy,,,,ROCKDALE,NSW,2216
03655C,Advocate Training Pty Ltd,Level 4 770 George St HAYMARKET NSW 2000,Location owned and operated by provider,770 George St,Level 4 ,,,HAYMARKET,NSW,2000
03657A,F & Z EDUCATION PTY LTD,Level 7 310 King St MELBOURNE VIC 3000,Location owned and operated by provider,Level 7 310 King Street,,,,MELBOURNE,VIC,3000
03662D,"Australian Film, Television and Radio School","Building 130, The Entertainment Quarter",Arrangement with Non Registered Provider,Building 130,The Entertainment Quarter,,,Moore Park,NSW,2021
03664B,Tham Training Pty Ltd,VCEA Kitchen Jeffcott,Location owned and operated by provider,11-17 Jeffcott St,,,,WEST MELBOURNE,VIC,3003
03664B,Tham Training Pty Ltd,"Victorian College of Education Australia, Queen Street Campus",Location owned and operated by provider,"Victorian College of Education Australia, Queen St",Suite  3 Level 3,190 Queen St,,MELBOURNE,VIC,3000
03669G,Educare Training Institute of Australasia Pty Ltd,Gold Coast Campus - 6 Scarborough St SOUTHPORT,Location owned and operated by provider,6 Scarborough St,,,,SOUTHPORT,QLD,4215
03669G,Educare Training Institute of Australasia Pty Ltd,Head Office,Location owned and operated by provider,Level 4 316 Adelaide St,,,,BRISBANE,QLD,4000
03669G,Educare Training Institute of Australasia Pty Ltd,Level 3 316 Adelaide St BRISBANE CITY QLD 4000,Location owned and operated by provider,Level 3 316 Adelaide St,,,,BRISBANE CITY,QLD,4000
03670D,Harbourside Institute of Australia Pty Ltd,Harris Street,Location owned and operated by provider,616 Harris St,Level 3,,,ULTIMO,NSW,2007
03670D,Harbourside Institute of Australia Pty Ltd,Shop 118 243 Pyrmont St PYRMONT NSW 2009,Location owned and operated by provider,Shop 118 243 Pyrmont St,,,,PYRMONT,NSW,2009
03671C,Medical Training and Development Pty Ltd,11 London Circuit CANBERRA ACT 2601,Location owned and operated by provider,11 London Cct,,,,CANBERRA,ACT,2601
03671C,Medical Training and Development Pty Ltd,"Medicus College - Lvl 1, 575-597 Pacific Hwy",Location owned and operated by provider,575 Pacific Hwy,Level 1,,,St Leonards,NSW,2065
03671C,Medical Training and Development Pty Ltd,"Medicus College - Lvl 1, 90 King William Street",Location owned and operated by provider,90 King William St,Level 1,,,Adelaide,SA,5000
03671C,Medical Training and Development Pty Ltd,Sydney Campus - HAYMARKET,Location owned and operated by provider,Level 2,10 Quay St,,,HAYMARKET,NSW,2000
03673A,MELBOURNE EDUCATION INSTITUTE PTY. LTD.,"Level 1, 8 - 310 King Street, Melbourne",Location owned and operated by provider,"Level 1, 8 - 310 King St",,,,Melbourne,VIC,3000
03674M,Centennial College Pty Ltd,Centennial @Blue St,Location owned and operated by provider,Level 2 15 Blue St,,,,NORTH SYDNEY,NSW,2060
03675K,Alana Kaye Group Pty Ltd,3 Searcy Street DARWIN,Location owned and operated by provider,3 Searcy Street,,,,Darwin,NT,0800
03675K,Alana Kaye Group Pty Ltd,"Darwin Campus - Unit 2, 390 Stuart Highway",Arrangement with Non Registered Provider,390 Stuart Hwy,,,Unit 2,WINNELLIE,NT,0821
03675K,Alana Kaye Group Pty Ltd,Southport Campus,Location owned and operated by provider,10 Marine Pde,,,,SOUTHPORT,QLD,4215
03676J,Australian College of Technical Training Pty Ltd,Altona Automotive Workshop,Arrangement with Non Registered Provider,Unit 4 15-17 Slough Rd,,,,ALTONA,VIC,3018
03676J,Australian College of Technical Training Pty Ltd,Geelong - Unit 2 48 Gordon Ave GEELONG WEST VIC 3218,Location owned and operated by provider,Unit 2 48 Gordon Ave,,,,GEELONG WEST,VIC,3218
03677G,Sea English Academy International Pty Ltd,Adelaide Campus,Location owned and operated by provider,Suite 1 Level 1 118 King William St,,,,ADELAIDE,SA,5000
03677G,Sea English Academy International Pty Ltd,Adelaide Campus - Level 4 118 King William St ADELAIDE SA 5000,Location owned and operated by provider,Level 4,118 King William St,,,ADELAIDE,SA,5000
03677G,Sea English Academy International Pty Ltd,Head Office - Level 6 341 Queen St Melbourne,Location owned and operated by provider,Level 6 341 Queen St,,,,MELBOURNE,VIC,3000
03677G,Sea English Academy International Pty Ltd,Norwest Campus,Location owned and operated by provider,Suite 406 2-8 Brookhollow Ave,,,,NORWEST,NSW,2153
03677G,Sea English Academy International Pty Ltd,Wollongong Campus,Location owned and operated by provider,Unit 2 67-69 Market St,,,,WOLLONGONG,NSW,2500
03678G,Higher Learning Australia Pty Ltd A/T for The Trustee for Higher Learning Unit Trust,McGill Institute Australia: Parramatta Campus,Arrangement with Non Registered Provider,30 Cowper St,,,,PARRAMATTA,NSW,2150
03682M,Skills International Pty Ltd,Seven Hills Campus - Unit 2,Location owned and operated by provider,Unit 2 197 Prospect Hwy,,,,SEVEN HILLS,NSW,2147
03685G,Australian Institute of Engineering Pty Ltd,"60 Belfast St, Broadmeadows",Location owned and operated by provider,60 Belfast St,,,,Broadmeadows,VIC,3047
03689D,Downtown Australia Pty Ltd,KII Kent Street,Location owned and operated by provider,Level 2 545-553 Kent St,,,,SYDNEY,NSW,2000
03689D,Downtown Australia Pty Ltd,Wentworth Ave Campus,Location owned and operated by provider,80 Wentworth Ave,,,,SURRY HILLS,NSW,2010
03690M,International College of Australia Pty Ltd,"55 High Street, PARRAMATTA NSW 2150",Arrangement with Non Registered Provider,55 High St,,,,PARRAMATTA,NSW,2150
03691K,Australian Tertiary Institute Pty Ltd,ATI City Campus - Unit 28 Ground Floor 8 Victoria Ave PERTH,Arrangement with Non Registered Provider,Unit 28 Ground Floor,8 Victoria Ave,,,Perth,WA,6000
03691K,Australian Tertiary Institute Pty Ltd,"Unit 28/386 Wanneroo Road, Westminster WA 6061",Arrangement with Non Registered Provider,41 Commerce Ave,,,,Armadale,WA,6112
03695F,Sanbourne Academy Pty Ltd,Sydney Campus,Location owned and operated by provider,56-58 York Street,Level 3,,,Sydney,NSW,2000
03697D,Austec Institute Pty Ltd,"Level 4, 118 Walker Street,  North Sydney NSW 2060",Arrangement with Non Registered Provider,118 Walker St,Level 4,,,NORTH SYDNEY,NSW,2060
03700C,Mint Training Pty Ltd,"540 Elizabeth Street, Melbourne",Arrangement with Non Registered Provider,"Level 1, 540 Elizabeth St",,,,Melbourne,VIC,3000
03700C,Mint Training Pty Ltd,"Unit 1, Level 1, 12 Pirie Street, Adelaide",Location owned and operated by provider,"Unit 1, Level 1, 12 Pirie St",,,,Adelaide,SA,5000
03703M,Apeiro Institute Pty Ltd,"Level 1, 10 Victoria Ave Perth WA 6000",Arrangement with Non Registered Provider,10 Victoria Ave,Level 1,,,Perth,WA,6000
03703M,Apeiro Institute Pty Ltd,"Level 2A, 133 Parramatta Road, Granville",Location owned and operated by provider,Level 2A,133 Parramatta Road,,,Granville,NSW,2142
03705J,The Institute of International Studies (TIIS) Pty Ltd,"Level 1, 112 Newquay Promenade, Docklands, VIC 3008",Location owned and operated by provider,"Level 1, 112 Newquay Promenade",,,,Docklands,VIC,3008
03705J,The Institute of International Studies (TIIS) Pty Ltd,"Level 4, 22 Market Street, Sydney NSW",Location owned and operated by provider,"Level 4, 22 Market Street",,,,Sydney,NSW,2000
03708F,Wakefield International Business School Pty Ltd,"17 Oatley Ct, BELCONNEN ACT 2617",Arrangement with Non Registered Provider,17 Oatley Ct,,,,BELCONNEN,ACT,2617
03708F,Wakefield International Business School Pty Ltd,Sydney CBD Campus,Arrangement with Non Registered Provider,"Level 6, 51-53 Druitt St",,,,SYDNEY,NSW,2000
03709E,Wiseman & Co. Advanced Learning Institute Pty Ltd,Unit 4 132 Haldon St LAKEMBA NSW 2195,Arrangement with Non Registered Provider,Unit 4 132 Haldon St,,,,LAKEMBA,NSW,2195
03709E,Wiseman & Co. Advanced Learning Institute Pty Ltd,Wiseman & Co. Advanced Learning Institute Pty Ltd,Location owned and operated by provider,157 Haldon St,,,,LAKEMBA,NSW,2195
03717E,Richmond School of Business Pty Ltd,RSB Melbourne Campus,Location owned and operated by provider,Level 8 166-172 Exhibition St,,,,MELBOURNE,VIC,3000
03717E,Richmond School of Business Pty Ltd,"Suite 1, Level 1, 37 George St PARRAMATTA NSW 2150",Arrangement with Non Registered Provider,"Suite 1, Level 1, 37 George Street",,,,PARRAMATTA,NSW,2150
03720K,Jazz Music Institute Pty Ltd,"1/47 Brookes Street, Bowen Hills, QLD",Location owned and operated by provider,1/47 Brookes Street,,,,Bowen Hills,QLD,4006
03722G,Smart Connection Company Pty Ltd,Level 1 239 Church St PARRAMATTA NSW 2150,Location owned and operated by provider,Level 1 239 Church St,,,,PARRAMATTA,NSW,2150
03723G,Ruby Institute Pty LTD,"Suite 1, Level 7, 234 - 250 Collins Street, Melbourne VIC 3000",Location owned and operated by provider,234 Collins St,Level 7 ,,,MELBOURNE,VIC,3000
03724F,Mondairs PTY LTD,"15 Hawker Street, Airport West",Location owned and operated by provider,15 Hawker St,,,,AIRPORT WEST,VIC,3042
03724F,Mondairs PTY LTD,"Broadmeadows Campus - 61 Riggall Street, Broadmeadows VIC 3047",Location owned and operated by provider,61 Riggall Street,,,,BROADMEADOWS,VIC,3047
03724F,Mondairs PTY LTD,Burwood campus - Level 1 9 Deane St BURWOOD NSW 2134,Location owned and operated by provider,Level 1 9 Deane Street,,,,BURWOOD,NSW,2134
03724F,Mondairs PTY LTD,Melbourne City Campus - Level 4 131 Queen St MELBOURNE VIC  3000,Arrangement with Non Registered Provider,Level 4 131 Queen St,,,,MELBOURNE,VIC,3000
03724F,Mondairs PTY LTD,Summer Hill Campus - 46 Edward St SUMMER HILL NSW 2130,Location owned and operated by provider,Summer Hill Campus - 46 Edward St,,,,SUMMER HILL,NSW,2130
03725E,AOI GROUP PTY LTD,"AOI Ultimo - Lvl 6, 579 Harris St, Ultimo",Location owned and operated by provider,"Lvl 6, 579-583 Harris Street",,,,Ultimo,NSW,2007
03727C,The Lions Institute Pty Ltd,4 Railway Pde Burwood,Location owned and operated by provider,Unit 4 4 Railway Pde,,,,BURWOOD,NSW,2134
03727C,The Lions Institute Pty Ltd,Gold Coast Campus - Suite 203 Level 2 9 Bay St SOUTHPORT QLD  4215,Arrangement with other registered provider,"Suite 203, Level 2",9 Bay St,,,SOUTHPORT,QLD,4215
03732F,Leaders Institute Pty Ltd,"6 Fetherstone Street, Bankstown NSW 2200",Location owned and operated by provider,6 Fetherstone Street,,,,Bankstown,NSW,2200
03732F,Leaders Institute Pty Ltd,"76 Park Road, Woolloongabba",Location owned and operated by provider,76 Park Road,,,,Woolloongabba,QLD,4102
03732F,Leaders Institute Pty Ltd,"94 George Street, Beenleigh QLD 4207",Location owned and operated by provider,94 George Street,,,,Beenleigh,QLD,4207
03732F,Leaders Institute Pty Ltd,"Lower Ground Level, 1009 Ipswich Road, Moorooka QLD 4105",Location owned and operated by provider,1009 Ipswich Road,Lower Ground Level,,,Moorooka,QLD,4105
03734D,Australian Academy of Business and Technology Pty Ltd,Level 3 382 Lonsdale Street Melbourne,Location owned and operated by provider,382 Lonsdale St,Level 3,,,Melbourne,VIC,3000
03736B,Sydney Centre for Finance Studies Pty Ltd,Suite 1 Level 1 34 Macmahon St Hurtsville NSW 2220,Location owned and operated by provider,34 Macmahon St,Level 1,,,Hurtsville,NSW,2220
03739K,Southern Cross Education Institute (Higher Education) Pty Ltd,14-16 Grote Street,Location owned and operated by provider,14-16 Grote Street,,,,Adelaide,SA,5001
03739K,Southern Cross Education Institute (Higher Education) Pty Ltd,155-161 Boundary Road,Location owned and operated by provider,155-161 Boundary Road,,,,North Melbourne,VIC,3051
03739K,Southern Cross Education Institute (Higher Education) Pty Ltd,41 Boundary Road,Location owned and operated by provider,41 Boundary Road,,,,North Melbourne,VIC,3051
03739K,Southern Cross Education Institute (Higher Education) Pty Ltd,"530-538 Victoria Street, North Melbourne, Victoria 3051",Location owned and operated by provider,530-538 Victoria Street,,,,North Melbourne,VIC,3051
03741E,Tred Consultants Pty Ltd,26 Mort Street BRADDON ACT,Location owned and operated by provider,26 Mort Street,,,,BRADDON,ACT,2612
03741E,Tred Consultants Pty Ltd,Adelaide TrEd,Location owned and operated by provider,Level 7 50 Grenfell St,,,,ADELAIDE,SA,5000
03741E,Tred Consultants Pty Ltd,TrEd College Launceston - 16 Wellington St,Location owned and operated by provider,TrEd College Launceston,16 Wellington St,,,Launceston,TAS,7250
03741E,Tred Consultants Pty Ltd,TrEd North Sydney,Location owned and operated by provider,Level 2 1 James Place,,,,NORTH SYDNEY,NSW,2060
03742D,AUSTRALIAN INSTITUTE OF BUSINESS AND TRADE PTY. LTD.,"74 Sydney Street, Albion",Location owned and operated by provider,74 Sydney St,,,,Albion,VIC,3020
03742D,AUSTRALIAN INSTITUTE OF BUSINESS AND TRADE PTY. LTD.,Adelaide Campus,Location owned and operated by provider,Level 1 142 North Tce,,,,Adelaide,SA,5000
03742D,AUSTRALIAN INSTITUTE OF BUSINESS AND TRADE PTY. LTD.,Adelaide Campus,Location owned and operated by provider,Level 5 118 King William St,,,,ADELAIDE,SA,5000
03742D,AUSTRALIAN INSTITUTE OF BUSINESS AND TRADE PTY. LTD.,City Campus - Little Collins St,Location owned and operated by provider,Level 4 343 Little Collins Street,,,,Melbourne,VIC,3000
03744B,Crown Institute of Higher Education Pty Ltd,"116 Pacific Highway,North Sydney, NSW 2060",Location owned and operated by provider,116 Pacific Highway,,,,North Sydney,NSW,2060
03744B,Crown Institute of Higher Education Pty Ltd,"1325 Hay Street, West Perth WA 6005",Location owned and operated by provider,1325 Hay Street,,,,West Perth,WA,6005
03744B,Crown Institute of Higher Education Pty Ltd,"2 Woodville St, Hurstville NSW 2220",Location owned and operated by provider,2 Woodville St,,,,Hurstville,NSW,2220
03744B,Crown Institute of Higher Education Pty Ltd,"Level 1, Tenancy 2, 5 Fussell Lane, Gungahlin Place, Gungahlin ACT 2912",Location owned and operated by provider,"Level 1, Tenancy 2, 5 Fussell Lane",,,,Gungahlin,ACT,2912
03744B,Crown Institute of Higher Education Pty Ltd,"Level 11,307 Pitt Street Sydney NSW 2000",Location owned and operated by provider,"Level 11, 307 Pitt Street Sydney",,,,Sydney,NSW,2000
03744B,Crown Institute of Higher Education Pty Ltd,"Level 5, 213 Miller St, North Sydney NSW 2060",Location owned and operated by provider,"Level 5, 213 Miller St",,,,North Sydney,NSW,2060
03744B,Crown Institute of Higher Education Pty Ltd,"Suite 1, Level 4, 40 Cameron Avenue, Belconnen ACT 2617",Location owned and operated by provider,"Suite 1, Level 4, 40 Cameron Avenue",,,,Belconnen,ACT,2617
03744B,Crown Institute of Higher Education Pty Ltd,"Unit 2A, 118 Lysaght St. Mitchell ACT",Location owned and operated by provider,"Unit 2A, 118 Lysaght St.",,,,Mitchell,ACT,2911
03747K,Australian National Academy of Education Pty Ltd,97 Smith St FITZROY VIC 3065,Location owned and operated by provider,97 Smith St,,,,Fitzroy,VIC,3065
03747K,Australian National Academy of Education Pty Ltd,Melbourne Campus,Location owned and operated by provider,85 Queen St,,,,MELBOURNE,VIC,3000
03747K,Australian National Academy of Education Pty Ltd,Parrramatta Campus,Location owned and operated by provider,Parramatta Campus,"Office 101, 30 Cowper Street",,,PARRAMATTA,NSW,2150
03754M,Australian International Institute of Technology Pty Ltd ATF AIIT Unit Trust,Ground Floor 313-315 Flinders Ln Melbourne,Arrangement with Non Registered Provider,313 Flinders Lane,Level G,,,Melbourne,VIC,3000
03754M,Australian International Institute of Technology Pty Ltd ATF AIIT Unit Trust,Lygon Campus - 390A Lygon St BRUNSWICK EAST VIC 3057,Location owned and operated by provider,390A Lygon St,,,,BRUNSWICK EAST,VIC,3057
03762M,Veritas Education Pty Ltd,"6-24 Moorabool Street, GEELONG, VIC 3220",Location owned and operated by provider,6 Moorabool St,,,,GEELONG,VIC,3220
03762M,Veritas Education Pty Ltd,Training Location - 11-17 Jeffcott St,Location owned and operated by provider,11-17 Jeffcott St,,,,WEST MELBOURNE,VIC,3003
03763K,Adelaide Institute of Higher Education Pty Ltd,"Level 2, 209-211 Lonsdale St, Melbourne VIC 3000",Location owned and operated by provider,"Level 2, 209-211 Lonsdale St,",,,,Melbourne,VIC,3000
03763K,Adelaide Institute of Higher Education Pty Ltd,"Level 5, 127 Rundle Mall Street",Location owned and operated by provider,Level 4,127 Rundle Mall Street,,,Adelaide,SA,5000
03763K,Adelaide Institute of Higher Education Pty Ltd,"Level 6, 350 Queen Street, Melbourne VIC 3000",Location owned and operated by provider,Level 6,350 Queen Street,,,Melbourne,VIC,3000
03764J,Lambda Education Pty Ltd,ISMT - Gosford,Location owned and operated by provider,5 Watt St,,,,GOSFORD,NSW,2250
03764J,Lambda Education Pty Ltd,ISMT - Liverpool - 269 Bigge St LIVERPOOL NSW 2170,Location owned and operated by provider,269 Bigge St,,,,LIVERPOOL,NSW,2170
03764J,Lambda Education Pty Ltd,ISMT - Parramatta,Location owned and operated by provider,37 George St PARRAMATTA,,,,NSW,NSW,2150
03764J,Lambda Education Pty Ltd,Level 1 575-597 Pacific Hwy ST LEONARDS NSW 2065 Australia,Location owned and operated by provider,575 Pacific Hwy,Level 1 ,,,LEONARDS,NSW,2065
03767F,Orange Education Group Pty Ltd,Sydney Campus - Level 1 225 Clarence,Location owned and operated by provider,Level 1 225 Clarence,,,,SYDNEY,NSW,2000
03769D,Australian Institute of Management Education and Training Pty Limited,"Ground Floor & Level 1, 7 Macquarie Place, Sydney, 2000",Location owned and operated by provider,"Level 21, 580 George Street",,,,Sydney,NSW,2000
03769D,Australian Institute of Management Education and Training Pty Limited,"Level 15, 120 Spencer Street, Melbourne VIC 3000",Location owned and operated by provider,"Level 15, 120 Spencer Street",,,,Melbourne,VIC,3000
03770M,TKL College Pty Ltd,"Suite 707, Level 7, Westfield Shopping Centre, 159-175 Church Street Paramatta",Location owned and operated by provider,159 Church St,Level 7,,Suite 707,PARRAMATTA,NSW,2150
03770M,TKL College Pty Ltd,TKL English - 95-99 York St SYDNEY NSW 2000,Location owned and operated by provider,95-99 York St,,,,Sydney,NSW,2000
03770M,TKL College Pty Ltd,"Training for Knowledge and Livelihood - Melbourne Campus -Level 6, 20 Queen St Melbourne VIC 3000",Location owned and operated by provider,"Level 6, 20 Queen St",,,,Melbourne,VIC,3000
03770M,TKL College Pty Ltd,"Training for Knowledge and Livelihood - Melbourne Campus -Level 7, 20 Queen St Melbourne VIC 3000",Location owned and operated by provider,"Level 7, 20 Queen St",,,,Melbourne,VIC,3000
03774G,Davies Institute Pty Ltd,BCA,Location owned and operated by provider,Suite 1 Level 5 67 Astor Tce,,,,SPRING HILL,QLD,4000
03777D,CAN UNITED Pty Ltd,"Suite 1, Level 1, 224-238 George Street Liverpool NSW 2170",Location owned and operated by provider,224 George St,Level 1,,Suite 1,Liverpool,NSW,2170
03777D,CAN UNITED Pty Ltd,Williams Landing VIC Campus,Arrangement with Non Registered Provider,Unit 613,101 Overton Rd,,,WILLIAMS LANDING,VIC,3027
03778C,Victorian Institute of Education Pty ltd,"Adelaide Campus - Suite 2, Ground Floor, 97 Pirie Street, ADELAIDES SA 5000",Location owned and operated by provider,97 Pirie St,Level G,,,ADELAIDE,SA,5000
03778C,Victorian Institute of Education Pty ltd,George Street Campus - Level 2 741 George St HAYMARKET NSW 2000,Location owned and operated by provider,Level 2 741 George St,,,,Haymarket,NSW,2000
03778C,Victorian Institute of Education Pty ltd,"George Street Campus - Level 3, 741 George St, HAYMARKET NSW 2000",Location owned and operated by provider,741 George St,Level 3,,,HAYMARKET,NSW,2000
03779B,United Colleges of Australia Pty Ltd as the trustee for UCA Unit Trust,"Suite 2.2.18, Level 2, 303 Pitt Street, Sydney 2000",Location owned and operated by provider,303 Pitt St,Level 2 ,,,SYDNEY,NSW,2000
03783F,Active Transition Training Pty Ltd,Gold Coast Campus,Location owned and operated by provider,9 Bay St,,,,SOUTHPORT,QLD,4215
03783F,Active Transition Training Pty Ltd,Melbourne Campus- Level 8,Location owned and operated by provider,Suite 2 Level 8 190 Queen St,,,,Melbourne,VIC,3000
03783F,Active Transition Training Pty Ltd,MMC Adelaide Campus - Grenfell Street,Location owned and operated by provider,Suite 1 Level 4,50 Grenfell Street,,,Adelaide,SA,5000
03783F,Active Transition Training Pty Ltd,MMC Gold Coast Campus - Suite 101 Level 1 9 Bay St SOUTHPORT,Location owned and operated by provider,Suite 101 Level 1 9 Bay St,,,,SOUTHPORT,QLD,4215
03785D,Learning Victoria Pty Ltd,"Building D, 60 Belfast St, Broadmeadows",Location owned and operated by provider,"Building D, 60 Belfast St",,,,Broadmeadows,VIC,3047
03785D,Learning Victoria Pty Ltd,IBM - Workshop,Location owned and operated by provider,61 Riggall St,,,,BROADMEADOWS,VIC,3047
03785D,Learning Victoria Pty Ltd,IBM Kitchen,Location owned and operated by provider,170 Victoria St,,,,RICHMOND,VIC,3121
03785D,Learning Victoria Pty Ltd,Melbourne Campus - Level 1 364-372 Lonsdale St MELBOURNE VIC  3000,Arrangement with other registered provider,Level 1,364-372 Lonsdale St,,,MELBOURNE,VIC,3000
03790G,Blue Lotus Academy Pty Ltd,BLC Melbourne CBD - Level 2 158 Swanston St,Location owned and operated by provider,Level 2 158 Swanston St,,,,MELBOURNE,VIC,3000
03790G,Blue Lotus Academy Pty Ltd,BLC Nicholson Street,Location owned and operated by provider,727 Nicholson Street,,,,CARLTON NORTH,VIC,3054
03790G,Blue Lotus Academy Pty Ltd,"Level 2, 540 Elizabeth Street Melbourne VIC 3000",Location owned and operated by provider,540 Elizabeth St,Level 2 ,,,Melbourne,VIC,3000
03792E,Sydney Metropolitan International College Pty Ltd,SMIC Sydney CBD Campus - Suite 502 Level 5 545-553 Kent St  SYDNEY NSW 2000,Arrangement with other registered provider,Suite 502,Level 5 545-553 Kent St,,,SYDNEY,NSW,2000
03794C,NVR Education Pty Ltd,10 Barrack Street,Location owned and operated by provider,10 Barrack St,Level 10,,,SYDNEY,NSW,2000
03794C,NVR Education Pty Ltd,"Level 3, 770 George St",Location owned and operated by provider,"Level 3, 770 George St",,,,HAYMARKET,NSW,2000
03794C,NVR Education Pty Ltd,NVR Education Australia (Thomas Street) - L3,Location owned and operated by provider,Level 3 191-199 Thomas St,,,,HAYMARKET,NSW,2000
03794C,NVR Education Pty Ltd,NVR Education Australia (Thomas Street) - L7 - Level 7 191-199 Thomas St HAYMARKET 2000,Location owned and operated by provider,"L7 - Level 7 ,  191-199 Thomas St",,,,Haymarket,NSW,2000
03796A,LE SUISSE ACADEMY PTY LTD,311 Flinders Lane - 301-311 Flinders Lane MELBOURNE VIC 3000,Location owned and operated by provider,301-311 Flinders Lane,,,,MELBOURNE,VIC,3000
03796A,LE SUISSE ACADEMY PTY LTD,Kensington,Location owned and operated by provider,Unit 4,60 Stubbs Street,,,Kensington,VIC,3031
03798K,AUIT Group Pty Ltd,REALMONT,Location owned and operated by provider,Level 5 119 Charlotte St,,,,BRISBANE CITY,QLD,4000
03800K,Australian College of Management and Innovation Pty Ltd,ACMI East Perth,Location owned and operated by provider,Level 2 150-152 Adelaide Tce,,,,EAST PERTH,WA,6004
03800K,Australian College of Management and Innovation Pty Ltd,"Units 1 & 2, 33 Archer Street CARLISLE WA 6101 Australia",Location owned and operated by provider,33 Archer St,,,,CARLISLE,WA,6101
03806D,IQRA Vocational Education and Training Pty Ltd,61 Jerrabomberra Ave NARRABUNDAH ACT 2604,Arrangement with Non Registered Provider,61 Jerrabomberra Ave,,,,NARRABUNDAH,ACT,2604
03807C,Innovative Institute of Australia Pty Ltd,"56 Robinson St, Dandenong Street  VIC 3175",Location owned and operated by provider,56 Robinson St,,,,Dandernong,VIC,3175
03807C,Innovative Institute of Australia Pty Ltd,"Automotive Campus- Unit 1, 68 Fenton St Huntingdale VIC 3166",Location owned and operated by provider,"Unit 1, 68 Fenton St",,,,Huntingdale,VIC,3166
03807C,Innovative Institute of Australia Pty Ltd,Oakleigh - Campus,Location owned and operated by provider,1A Palmerston Gr,,,,Oakleigh,VIC,3166
03809A,Australian Campus Management Pty Ltd,"21 Regent Street, Redfern NSW 2016",Location owned and operated by provider,21 Regent Street,,,,Redfern,NSW,2016
03809A,Australian Campus Management Pty Ltd,"2-3 Printers Place, Darwin City",Location owned and operated by provider,2-3 Printers Place,,,,Darwin,NT,0800
03809A,Australian Campus Management Pty Ltd,"Level 2, 63 Oxford St, Darlinghurst NSW 2010",Location owned and operated by provider,"Level 2, 63 Oxford St",,,,Darlinghurst,NSW,2010
03809A,Australian Campus Management Pty Ltd,"Level 3, 841 George Street, Haymarket",Location owned and operated by provider,"Level 3, 841 George Street",,,,Haymarket,NSW,2000
03809A,Australian Campus Management Pty Ltd,"Level 5, 399 Lonsdale Street, Melbourne VIC 3000",Location owned and operated by provider,"Level 5, 399 Lonsdale Street",,,,Melbourne,VIC,3000
03810G,CAREER READY PTY LTD,"Level 4, 1 Fitzwilliam St, Parramatta NSW 2150",Location owned and operated by provider,"Level 4, 1 Fitzwilliam St",,,,Parramatta,NSW,2150
03815C,Techie International College Pty Ltd,Building C - 60 Belfast St BROADMEADOWS VIC 3047,Location owned and operated by provider,Building C - 60 Belfast St,,,,BROADMEADOWS,VIC,3047
03815C,Techie International College Pty Ltd,"Ground Floor - 61 Riggall St, Broadmeadows VIC 3047",Location owned and operated by provider,61 Riggall St,,,,Broadmeadows,VIC,3047
03816B,Rahban Services Pty Ltd,"Ground Floor, 62 Astor Tce Spring Hill QLD 4000",Arrangement with Non Registered Provider,"Ground Floor, 62 Astor Tce",,,,SPRING HILL,QLD,4000
03817A,Edinburgh International College Pty Ltd,"Suite 1, Tenancy C8 - 61 Riggall St Broadmeadows VIC 3047",Location owned and operated by provider,"Suite 1, Tenancy C8 - 61 Riggall St",,,,Broadmeadows,VIC,3047
03817A,Edinburgh International College Pty Ltd,"Suite 2, Warehouse A, 61 Riggall Street, Broadmedows. VIC 3047 (Entry from the corner of Belfast and Blair Street)",Location owned and operated by provider,Suite 2/61 Riggal St,,,,Broadmeadows,VIC,3047
03817A,Edinburgh International College Pty Ltd,Workshop,Location owned and operated by provider,61 Riggall St,,,,BROADMEADOWS,VIC,3047
03822D,Charlton Brown Pty Ltd,188 Collins St HOBART TAS 7000,Location owned and operated by provider,188 Collins St,,,,HOBART,TAS,7000
03822D,Charlton Brown Pty Ltd,Brisbane City - Level 4 102 Adelaide St BRISBANE CITY QLD 4000,Location owned and operated by provider,Level 4 102 Adelaide St,,,,BRISBANE,QLD,4000
03822D,Charlton Brown Pty Ltd,Gold Coast Campus 2 - 6 Scarborough St SOUTHPORT QLD 4215,Location owned and operated by provider,2 - 6 Scarborough St,,,,SOUTHPORT,QLD,4215
03822D,Charlton Brown Pty Ltd,Level 3 316 Adelaide St BRISBANE CITY QLD 400,Location owned and operated by provider,Level 3 316 Adelaide St,,,,BRISBANE,QLD,4000
03823C,Australian College for Excellence Pty Ltd,City Campus - Level 3 255 William St MELBOURNE VIC 3000,Location owned and operated by provider,Level 3 255 William St,,,,MELBOURNE,VIC,3000
03823C,Australian College for Excellence Pty Ltd,"Mezzanine 406 Collins Street, Melbourne",Location owned and operated by provider,313 Flinders Lane,,,,MELBOURNE,VIC,3000
03824B,Infinite Learning Institute Pty Ltd,"196E Forest Rd. Hurstville, NSW 2220",Location owned and operated by provider,196E Forest Rd,,,,HURSTVILLE,NSW,2220
03826M,Australian Business Management Pty Ltd,"242 Castlereagh St, Sydney NSW 2000",Location owned and operated by provider,242 Castlereagh St,,,,Sydney,NSW,2000
03827K,Career Development and Training Pty Ltd,"Level 4, 84-86 Mary St Surry Hills NSW 2010 - Level 4 84-86 Mary St  SURRY HILLS NSW 2010",Location owned and operated by provider,Level 4,84-86 Mary St,,,Surry Hills,NSW,2010
03831C,ILEARN OZ PTY LTD,Melbourne Campus - Elizabeth St,Location owned and operated by provider,Level 5/ 440 Elizabeth St,,,,MELBOURNE,VIC,3000
03832B,Aus Crest Pty Ltd,Church St,Location owned and operated by provider,"Suit 202, Level 2 - 118 Church St",,,,PARRAMATTA,NSW,2150
03832B,Aus Crest Pty Ltd,Surry Hills Campus,Location owned and operated by provider,Unit 403 410 Elizabeth St,,,,SURRY HILLS,NSW,2010
03833A,FRANKLIN INTERNATIONAL COLLEGE PTY LTD,Melbourne Campus - Level 1 341 Queen St MELBOURNE VIC 3000,Location owned and operated by provider,Level 1 341 Queen St,,,,MELBOURNE,VIC,3000
03834M,Australian College of Professional Careers Pty Ltd,"Shop 1, 15-17 Blaxland Road, Rhodes NSW 2138",Location owned and operated by provider,"Shop 1, 15-17 Blaxland Rd",,,,Rhodes,NSW,2138
03834M,Australian College of Professional Careers Pty Ltd,Sydney City Campus - 48 Oxford St DARLINGHURST NSW 2010,Arrangement with Non Registered Provider,48 Oxford St DARLINGHURST NSW,,,,DARLINGHURST,NSW,2010
03835K,Radix Education Pty Ltd,AURECON,Location owned and operated by provider,15 Barry Drive,,,,TURNER,ACT,2612
03835K,Radix Education Pty Ltd,Melbourne Campus - Level 3 341 Queen St MELBOURNE VIC 3000,Location owned and operated by provider,Level 3 341 Queen St,,,,MELBOURNE,VIC,3000
03836J,Australia Advance Education Group Pty Ltd,94-96 Foster Street Dandenong VIC 3175,Location owned and operated by provider,94-96 Foster Street,,,,Dandenong,VIC,3175
03836J,Australia Advance Education Group Pty Ltd,"Level 14, 233 Castlereagh Street",Location owned and operated by provider,Level 14/233 Castlereagh Street,,,,Sydney,NSW,2000
03836J,Australia Advance Education Group Pty Ltd,"Levels 3 and 4, 11-13 Aird Street, Parramatta NSW 2150",Location owned and operated by provider,"Level 3 and 4, 11-13 Aird Street",,,,Parramatta,NSW,2150
03836J,Australia Advance Education Group Pty Ltd,"Levels 35, 98104 Goulburn Street, Sydney NSW 2000",Location owned and operated by provider,98104 Goulburn Street,Levels 35,,,Sydney,NSW,2000
03838G,FIRST CHOICE EDUCATION PTY. LTD.,Level 7 Parramatta,Location owned and operated by provider,Level 7 16-18 Wentworth St,,,,PARRAMATTA,NSW,2150
03838G,FIRST CHOICE EDUCATION PTY. LTD.,Level 8 85 Queen St MELBOURNE VIC 3000,Location owned and operated by provider,Level 8 85 Queen S,,,,MELBOURNE,VIC,3000
03838G,FIRST CHOICE EDUCATION PTY. LTD.,Levels 1 & 2 16-18 Wentworth Street PARRAMATTA NSW 2150,Location owned and operated by provider,16 Wentworth St,Level 2,,,PARRAMATTA,NSW,2150
03840B,Trump College Pty Ltd as Trustee for Trump College Unit Trust,Campbell Institute - Parramatta Campus - 43-45 Marion St,Location owned and operated by provider,43-45 Marion St,,,,PARRAMATTA,NSW,2150
03840B,Trump College Pty Ltd as Trustee for Trump College Unit Trust,CAMPBELL INSTITUTE GRANVILLE - 16 Good St,Location owned and operated by provider,16 Good St,,,,GRANVILLE,NSW,2142
03841A,INTERNATIONAL FITNESS INSTITUTE PTY LTD,107 Miles Platting Rd EIGHT MILE PLAINS QLD 4113,Location owned and operated by provider,107 Miles Platting Rd,,,,EIGHT MILE PLAINS,QLD,4113
03844J,Australian Institute of Business Intelligence Pty Ltd,"3431 Pacific Hwy, Slacks Creek QLD 4127",Location owned and operated by provider,3431 Pacific Hwy,,,,Slacks Creek,QLD,4127
03844J,Australian Institute of Business Intelligence Pty Ltd,"74 Walters Drive, Osborne Park, WA 6017",Location owned and operated by provider,74 Walters Drive,,,,Osborne Park,WA,6017
03844J,Australian Institute of Business Intelligence Pty Ltd,"Levels 1, 2, 3 & 5 451 Pitt Street, Haymarket, Sydney 2000",Location owned and operated by provider,451 Pitt Street,"Level1,2,3 and 5","Suites 102, 205-212, 509-512",Haymarket,Sydney,NSW,2000
03844J,Australian Institute of Business Intelligence Pty Ltd,"Tenancy 2, Level 5, 440 Elizabeth Street, Melbourne, VIC 3000",Arrangement with other registered provider,Tenancy 2,Level 5,440 Elizabeth Street,,Melbourne,VIC,3000
03845H,Higher Education Leadership Institute,"655 Collins St, Docklands VIC 3008",Arrangement with Non Registered Provider,655 Collins St,"Upper Ground, Levels 2 & 3",,,Docklands,VIC,3008
03847F,Australian School of Accounting Pty Ltd,"Level 5, 540 George Street, Sydney NSW 2000",Location owned and operated by provider,"Level 5, 540 George Street",,,,Sydney,NSW,2000
03848E,Universal Higher Education Pty Ltd,"Levels 1-3, 131 Queen Street, Melbourne VIC 3000",Location owned and operated by provider,"Levels 1-3, 131 Queen Street",,,,Melbourne,VIC,3000
03852J,Morrison College Pty Ltd,Liverpool Street,Location owned and operated by provider,"Level 5, 127 Liverpool Street, Sydney",,,,SYDNEY,NSW,2000
03853H,Eastern College Australia Limited,5 Burwood Highway,Location owned and operated by provider,5 Burwood Highway,,,,Wantirna,VIC,3152
03853H,Eastern College Australia Limited,Worldview Centre for Intercultural Studies - 41 Station Rd ST LEONARDS TAS 7250 Australia,Location owned and operated by provider,41 Station Rd Street,,,,LEONARDS,TAS,7250
03854G,LEARNVAULT PTY LTD,"Level 1, 126 Charles Street Launceston Tasmania 7250",Location owned and operated by provider,126 Charles Street,,,,LAUNCESTON,TAS,7250
03854G,LEARNVAULT PTY LTD,Level 5 234-250 Collins St MELBOURNE VIC 3000,Location owned and operated by provider,Level 5 234-250 Collins St,,,,MELBOURNE,VIC,3000
03856E,Lamart Education Pty Ltd,"Glenhill College - Level 5, 136 Chalmers St Surry Hills NSW 2010",Location owned and operated by provider,"Level 5, 136 Chalmers St",,,,Surry Hills,NSW,2010
03856E,Lamart Education Pty Ltd,Unit 15 334-354 Albany Highway Victoria Park WA 6100,Location owned and operated by provider,Unit 15 334-354 Albany Highway,,,,Victoria Park,WA,6100
03858C,THE EARLY CHILDHOOD LEARNING COMPANY PTY. LTD.,Astral Parramatta Campus,Location owned and operated by provider,Unit 513 175 Church St,,,,PARRAMATTA,NSW,2150
03858C,THE EARLY CHILDHOOD LEARNING COMPANY PTY. LTD.,Burwood Campus,Location owned and operated by provider,7 Deane St,,,,BURWOOD,NSW,2134
03858C,THE EARLY CHILDHOOD LEARNING COMPANY PTY. LTD.,Kogarah Campus and kitchen,Location owned and operated by provider,11 O'Keefes Lane,,,,KOGARAH,NSW,2217
03858C,THE EARLY CHILDHOOD LEARNING COMPANY PTY. LTD.,"Level 6 138 Queen Street, CAMPBELLTOWN,NSW 2560",Location owned and operated by provider,Level 6 138 Queen Street,,,,CAMPBELLTOWN,NSW,2560
03858C,THE EARLY CHILDHOOD LEARNING COMPANY PTY. LTD.,Parramatta Campus,Location owned and operated by provider,Level 9 79 George St,,,,PARRAMATTA,NSW,2150
03859B,Australian National Education Pty Ltd,8 Chandler Street,Location owned and operated by provider,8 Chandler Street,,,,BELCONNEN,ACT,2617
03859B,Australian National Education Pty Ltd,Level 6 56-58 York St SYDNEY NSW 200,Location owned and operated by provider,Level 6 56-58 York St,,,,SYDNEY,NSW,2000
03859B,Australian National Education Pty Ltd,Offsite Kitchen - Training Facility - 8 Greenfield Pde BANKSTOWN NSW 2200,Location owned and operated by provider,8 Greenfield Pde,,,,BANKSTOWN,NSW,2200
03859B,Australian National Education Pty Ltd,Sydney Campus - Level 6 128 Chalmers St SURRY HILLS NSW 2010,Location owned and operated by provider,8 Greenfield Pde,,,,BANKSTOWN,NSW,2200
03862G,AFG SECURITY AND PROTECTIVE SERVICES PTY LTD,City Campus - Level 5 162-166 Goulburn St SURRY HILLS NSW 2010,Location owned and operated by provider,Level 5 162-166 Goulburn St,,,,SURRY HILLS,NSW,2010
03862G,AFG SECURITY AND PROTECTIVE SERVICES PTY LTD,"Level 7, 95-99 York Street SYDNEY NSW 2000",Location owned and operated by provider,"Level 7, 95-99 York Street",,,,SYDNEY,NSW,2000
03862G,AFG SECURITY AND PROTECTIVE SERVICES PTY LTD,Toowoomba Campus,Location owned and operated by provider,40A Neil St,,,,TOOWOOMBA CITY,QLD,4350
03862G,AFG SECURITY AND PROTECTIVE SERVICES PTY LTD,Unit 3C Level 3 40 Raymond St BANKSTOWN NSW 2200,Location owned and operated by provider,Unit 3C Level 3 40 Raymond Street,,,,BANKSTOWN,NSW,2200
03863F,Reeves College Pty Ltd,Burwood Campus - 14 Railway Pde BURWOOD NSW 2134,Location owned and operated by provider,14 Railway Pde,,,,BURWOOD,NSW,2134
03863F,Reeves College Pty Ltd,Homebush,Location owned and operated by provider,"Level 2, 29 The Crescent",,,,Homebush,NSW,2140
03866C,Sydney Institute of Higher Education Pty Ltd,"Level 3, 695-699 George Street, Haymarket NSW 2000",Location owned and operated by provider,"Level 3, 695-699",George Street,,,Haymarket,NSW,2000
03866C,Sydney Institute of Higher Education Pty Ltd,"Level 7, 75 King Street - Sydney",Location owned and operated by provider,"Level 7, 75 King Street",,,,Sydney,NSW,2000
03870G,Australian Scholar's College Pty Ltd,Level 10 474 Flinders St MELBOURNE VIC 3000,Location owned and operated by provider,Level 10 474 Flinders St,,,,MELBOURNE,VIC,3000
03874C,West Melbourne Institute of Technology Pty Ltd,Melbourne Campus,Location owned and operated by provider,Level 10 474 Flinders Street,,,,Melbourne,VIC,3000
03877M,TRIDENT EDUCATION AUSTRALIA PTY LTD,Head Office,Location owned and operated by provider,"Level 3, 252 Lygon St",,,,CARLTON,VIC,3053
03877M,TRIDENT EDUCATION AUSTRALIA PTY LTD,Level 1 252 Lygon Street CARLTON VIC 3053,Location owned and operated by provider,Level 1 252 Lygon Street,,,,CARLTON,VIC,3053
03878K,Opulence College Pty Ltd,"15 Moore Street, Canberra ACT 2601",Location owned and operated by provider,15 Moore St,,,,CANBERRA,ACT,2601
03878K,Opulence College Pty Ltd,"Level 8, 474 Flinders Street",Location owned and operated by provider,"Level 8, 474 Flinders Street",,,,MELBOURNE,VIC,3000
03878K,Opulence College Pty Ltd,Sydney Campus,Location owned and operated by provider,Level 3 208 Clarence Street,,,,Sydney,NSW,2000
03879J,Edvantage Institute Australia Pty Ltd,"338 Queen Street Ground Floor and Levels 1, 2 & 3",Location owned and operated by provider,"338 Queen Street Ground Floor and Levels 1, 2 & 3",,,,Melbourne,VIC,3000
03880E,Bhairav Baba Pty Ltd,Sydney CBD Campus,Location owned and operated by provider,Level 3,16-22 Wentworth Ave,,,SURREY HILLS,NSW,2010
03880E,Bhairav Baba Pty Ltd,Unit 1 Level 2 15 Barry Dr TURNER ACT,Location owned and operated by provider,Unit 1 Level 2 15 Barry Dr,,,,TURNER,ACT,2612
03881D,ABOARD TRAINING AUSTRALIA PTY LTD,CBD Melbourne,Location owned and operated by provider,Level 2 271 William Street,,,,Melbourne,VIC,3000
03881D,ABOARD TRAINING AUSTRALIA PTY LTD,"Level 4, 213 Lonsdale St Melbourne VIC 3000",Arrangement with Non Registered Provider,Level 4 213 Lonsdale St,,,,MELBOURNE,VIC,3000
03881D,ABOARD TRAINING AUSTRALIA PTY LTD,"Suite 2, L13 190 Queen Street, Melbourne 3000",Location owned and operated by provider,Suite 2 Level 13 190 Queen St,,,,MELBOURNE,VIC,3000
03882C,ROCKFORD INTERNATIONAL COLLEGE PTY LTD,"Level 1, 507 Princes Highway Rockdale NSW 2216",Location owned and operated by provider,"Level 1, 507 Princes Highway",,,,ROCKDALE,NSW,2216
03882C,ROCKFORD INTERNATIONAL COLLEGE PTY LTD,Suite 3 633 Princes Hwy ROCKDALE NSW 2216,Location owned and operated by provider,Suite 3 633 Princes Hwy,,,,ROCKDALE,NSW,2216
03888H,Australian City International College Pty Ltd,Darwin Campus - 25 Cavenagh St DARWIN CITY NT 0800,Arrangement with Non Registered Provider,25 Cavenagh St,,,,Darwin City,NT,0800
03888H,Australian City International College Pty Ltd,Darwin Campus - 43 Cavanagh Street,Location owned and operated by provider,Level 3,43 Cavanagh Street,,,Darwin City,NT,0800
03888H,Australian City International College Pty Ltd,"Suite 1, Level 2 17-21 Macquarie Street, Parramatta NSW 2150 Australia",Location owned and operated by provider,Suite 1 Level 2 17-21 Macquarie St,,,,PARRAMATTA,NSW,2150
03892A,McEvoy & Doust Pty Ltd,69 Osborne Ave SPRINGVALE VIC 3171,Location owned and operated by provider,69 Osborne Ave,,,,SPRINGVALE,VIC,3171
03892A,McEvoy & Doust Pty Ltd,Cornell Institute of Training,Location owned and operated by provider,161 Brunswick Street,,,,FORTITUDE VALLEY,QLD,4006
03892A,McEvoy & Doust Pty Ltd,"Kitchen 6, Ground Floor/ 372 Spencer Street, West Melbourne Vic 3003",Location owned and operated by provider,"Kitchen 6, Ground Floor/ 372 Spencer Street",,,,West Melbourne,VIC,3003
03892A,McEvoy & Doust Pty Ltd,"Suite 5.03 Level 5, 440 Elizabeth Street, MELBOURNE, 3000",Location owned and operated by provider,"Suite 5.03 Level 5, 440 Elizabeth Street",,,,MELBOURNE,VIC,3000
03894K,Texila College Australia Pty Ltd,"Level 3, 440 Elizabeth Street Melbourne 3000",Location owned and operated by provider,Level 3 - 440 Elizabeth Street,,,,Melbourne,VIC,3000
03894K,Texila College Australia Pty Ltd,"Level1 3/66-68 Main Street, Pakenham, Victoria, 3810",Location owned and operated by provider,Level 1,3/66-68 Main Street,,,Pakenham,VIC,3810
03897G,Performing Arts Education Pty Ltd,"Level 5, 102 Adelaide Street",Location owned and operated by provider,"Level 5, 102 Adelaide Street",,,,Brisbane,QLD,4000
03899E,St. Marys Institute Pty Ltd,Head Office - King Street,Location owned and operated by provider,Level 4 310 King St,,,,MELBOURNE,VIC,3000
03904B,Reach Community College Pty Ltd,Hobart Campus - 132-146 Elizabeth St HOBART TAS 7000,Location owned and operated by provider,132-146 Elizabeth Street,,,,HOBART,TAS,7000
03904B,Reach Community College Pty Ltd,"Level 1/620 Bourke St, MELBOURNE VIC 3000",Location owned and operated by provider,Level 1 620 Bourke St,,,,MELBOURNE,VIC,3000
03904B,Reach Community College Pty Ltd,"Reach Sydney Campus - Level 2, 8 Quay St, HAYMARKET NSW 2000",Location owned and operated by provider,Level 2,8 Quay St,,,HAYMARKET,NSW,2000
03905A,Prime Education Group Pty Ltd,Carlton Campus,Location owned and operated by provider,252 Lygon St,,,,CARLTON,VIC,3053
03905A,Prime Education Group Pty Ltd,Suite 2 Level 6 190 Queen Street MELBOURNE VIC 3000,Location owned and operated by provider,Suite 2 Level 6 190 Queen Street,,,,MELBOURNE,VIC,3000
03906M,Sydney Metropolitan Institute of Technology Pty Ltd,"432 - 434 Kent Street, Sydney, NSW 2000",Location owned and operated by provider,Suite 301303,"Level 3, 447 Kent Street",,,Sydney,NSW,2000
03907K,AUSTRALIAN SOVEREIGN COLLEGE PTY LTD,212A Liverpool Street HOBART TASMANIA 7000,Location owned and operated by provider,212A Liverpool Street,,,,HOBART,TAS,7000
03907K,AUSTRALIAN SOVEREIGN COLLEGE PTY LTD,Abbotsford - 395-397 Victoria St Abbotsford VIC 3067,Location owned and operated by provider,395-397 Victoria St,,,,Abbotsford,VIC,3067
03907K,AUSTRALIAN SOVEREIGN COLLEGE PTY LTD,Broadmeadows - 61 Riggall St Broadmeadows VIC 3047,Location owned and operated by provider,61 Riggall St,,,,Broadmeadows,VIC,3047
03907K,AUSTRALIAN SOVEREIGN COLLEGE PTY LTD,Commercial Kitchen - 101 Wilmot Road HUONVILLE TAS 7109 Australia,Location owned and operated by provider,101 Wilmot Road,,,,HUONVILLE,TAS,7109
03907K,AUSTRALIAN SOVEREIGN COLLEGE PTY LTD,Melbourne Campus,Location owned and operated by provider,Suite 1 Level 10 601 Bourke St,,,,MELBOURNE,VIC,3000
03908J,Eton College Pty Ltd,"Level 6, 191 Thomas Street Haymarket",Arrangement with Non Registered Provider,Level 6,191 Thomas Street,,,Haymarket,NSW,2000
03910D,Corporate Business Academy Pty Ltd,234 Pier Street,Location owned and operated by provider,234 Pier Street,,,,PERTH,WA,6000
03914M,Bentley College Pty Ltd,QLD Campus - 3 Carol Ave SPRINGWOOD QLD 4127,Location owned and operated by provider,3 Carol Ave,,,,SPRINGWOOD,QLD,4127
03914M,Bentley College Pty Ltd,Swanston Street Campus - Level 4 55 Swanston St Melbourne Vic,Location owned and operated by provider,Level 4,55 Swanston Street,,,Melbourne,VIC,3000
03916J,Kingsway College Pty Ltd,22 St Kilda Road,Location owned and operated by provider,22 St Kilda Road,,,,ST KILDA,VIC,3182
03921A,BFJ International Studies Pty Ltd,Engineering Workshop - Factory 3 7-9 Bormar Dr PAKENHAM VIC,Location owned and operated by provider,Factory 3 7-9 Bormar Dr,,,,PAKENHAM,VIC,3810
03921A,BFJ International Studies Pty Ltd,Factory 16 14-16 Hogan Ct PAKENHAM VIC 3810,Location owned and operated by provider,Factory 16 14-16 Hogan Ct,,,,PAKENHAM,VIC,3810
03921A,BFJ International Studies Pty Ltd,North Melbourne Campus - 15-17 Racecourse Rd NORTH MELBOURNE VIC 3051,Location owned and operated by provider,15-17 Racecourse Rd,,,,NORTH MELBOURNE,VIC,3051
03921A,BFJ International Studies Pty Ltd,"Unit 4, 70 Main Street PAKENHAM VIC 3810",Location owned and operated by provider,"Unit 4, 70 Main Street",,,,PAKENHAM,VIC,3810
03921A,BFJ International Studies Pty Ltd,Workshop Three - Unit 3 5 Trade Pl PAKENHAM VIC 3810,Location owned and operated by provider,Unit 3 5 Trade Pl,,,,PAKENHAM,VIC,3810
03922M,Victorian Institute of Applied Learning Pty Ltd,"Suite 29, 4 Cardinia Rd, OFFICER VIC 3809",Location owned and operated by provider,Suite 29,4 Cardinia Rd,,,OFFICER,VIC,3809
03922M,Victorian Institute of Applied Learning Pty Ltd,Unit 1 2 Pacific Promenade PAKENHAM VIC 3810,Location owned and operated by provider,Unit 1 2 Pacific Promenade,,,,PAKENHAM,VIC,3810
03922M,Victorian Institute of Applied Learning Pty Ltd,Unit 1 25 Randall St SLACKS CREEK,Location owned and operated by provider,Unit 1 25 Randall Street,,,,Slacks Creek,QLD,4127
03924J,AWS Institute Pty Ltd,"66 Townshend Street, PHILLIP ACT 2606",Location owned and operated by provider,66 Townshend Street,,,,PHILLIP,ACT,2606
03924J,AWS Institute Pty Ltd,Sydney Campus - Elizabeth ST. - Level 6 140 Elizabeth St SYDNEY NSW 2000,Location owned and operated by provider,Level 6 140 Elizabeth,,,,SYDNEY,NSW,2000
03927F,Highgate International College Pty Ltd,HIC CBD Campus - Level 4 251 Adelaide Tce,Location owned and operated by provider,Level 4 251 Adelaide Terrace,,,,Perth,WA,6000
03927F,Highgate International College Pty Ltd,Level 3 251 Adelaide Tce PERTH WA 6000,Location owned and operated by provider,Level 3 251 Adelaide Tce,,,,PERTH,WA,6000
03932J,ECA Higher Education Institute Pty Ltd,"269 Wickham Street, Fortitude Valley QLD 4006",Location owned and operated by provider,269 Wickham Street,Level 2 (teaching),Ground and Level 3 (common student/staff area),,Fortitude Valley,QLD,4006
03932J,ECA Higher Education Institute Pty Ltd,"Parramatta campus, Level 4, 1-3 Fitzwilliam Street",Location owned and operated by provider,"Level 4, 1-3 Fitzwilliam Street",,,,Parramatta,NSW,2150
03933H,Contempo Education Pty Ltd,Contempo Culinary Hub,Arrangement with Non Registered Provider,Unit 194/311 Hay St,,,,PERTH,WA,6000
03933H,Contempo Education Pty Ltd,Level 2 379 Hay Street Perth,Location owned and operated by provider,Level 2 379 Hay Street,,,,Perth,WA,6000
03933H,Contempo Education Pty Ltd,Level 3 379 Hay St PERTH WA 6000,Location owned and operated by provider,Level 3 379 Hay St,,,,Perth,WA,6000
03934G,Australian Institute of Professionals (AIP) Pty Ltd,42B Synnot Street,Location owned and operated by provider,42B Synnot Street,,,,Werribee,VIC,3030
03934G,Australian Institute of Professionals (AIP) Pty Ltd,Melbourne city campus - Level 1 333 Queen St,Location owned and operated by provider,Suite 2 Level 1 333 Queen St,,,,MELBOURNE,VIC,3000
03934G,Australian Institute of Professionals (AIP) Pty Ltd,Outer Northern Trade Training Centre (ONTTC),Location owned and operated by provider,405 High St,,,,LALOR,VIC,3075
03934G,Australian Institute of Professionals (AIP) Pty Ltd,Port Melbourne campus,Location owned and operated by provider,Unit 4A 4 Rocklea Dr,,,,PORT MELBOURNE,VIC,3207
03934G,Australian Institute of Professionals (AIP) Pty Ltd,Queen Street Campus - Ground Floor 333 Queen St MELBOURNE VIC 3000,Location owned and operated by provider,Ground Floor 333 Queen Street,,,,MELBOURNE,VIC,3000
03935F,Helix College Pty Ltd,"Level 1 & 2 Little Collins Street, Melbourne VIC 3000",Location owned and operated by provider,Level 1 & 2 Little Collins Street,,,,Melbourne,VIC,3000
03935F,Helix College Pty Ltd,"Level 3 - 608E St Kilda Road, Melbourne VIC 3004",Location owned and operated by provider,"Level 3, 608E St Kilda Road",,,,Melbourne,VIC,3004
03936E,J Chazzer & B Singh & H Singh,"460 - 492 Beaudesert Road, SALISBURY QLD 4107",Location owned and operated by provider,460 - 492 Beaudesert Road,,,,Sailsbury,QLD,4107
03936E,J Chazzer & B Singh & H Singh,Southport Campus,Location owned and operated by provider,15 Bay St,,,,SOUTHPORT,QLD,4215
03939B,Massey College Pty Ltd,Lonsdale Street Campus,Location owned and operated by provider,Suite 2 Level 3 398 Lonsdale St,,,,MELBOURNE,VIC,3000
03940J,Academia of Trade Pty Ltd,"Level 1, 12-14 Wentworth Street, PARRAMATTA NSW 2150",Location owned and operated by provider,"Level 1, 12-14 Wentworth Street",,,,PARRAMATTA,NSW,2150
03940J,Academia of Trade Pty Ltd,Sydney Campus - Ground floor 12-14 Wentworth St PARRAMATTA NSW 2150,Location owned and operated by provider,12-14 Wentworth St,,,,PARRAMATTA,NSW,2150
03941H,PAKENHAM INSTITUTE PTY LTD,Pakenham Campus - Unit 2 66-68 Main St PAKENHAM VIC 3810,Location owned and operated by provider,Unit 2 66-68 Main Street,,,,PAKENHAM,VIC,3810
03941H,PAKENHAM INSTITUTE PTY LTD,St Kilda Campus - Unit 3 201 Fitzroy St ST KILDA VIC 3182,Location owned and operated by provider,Unit 3 201 Fitzroy St,,,,ST KILDA,VIC,3182
03942G,Triple Five Group Pty. Ltd.,34 Old Cleveland Rd STONES CORNER QLD 4120,Location owned and operated by provider,34 Old Cleveland Rd,,,,STONES CORNER,QLD,4120
03943F,Australian Chiropractic College Limited,"Level 2, 101 Grenfell Street, Adelaide SA 5000",Location owned and operated by provider,Level 2,101 Grenfell Street,,,Adelaide,SA,5000
03943F,Australian Chiropractic College Limited,Melbourne campus,Location owned and operated by provider,"Level 7, 350 Queen Street",,,,Melbourne,VIC,3000
03944E,INTERNATIONAL INSTITUTE OF SYDNEY PTY LTD,Cairns Campus -58-70 Lake St CAIRNS CITY QLD 4870,Location owned and operated by provider,58-70 Lake St,,,,Cairns City,QLD,4870
03944E,INTERNATIONAL INSTITUTE OF SYDNEY PTY LTD,"City Campus - Level 1, 175 Liverpool St Sydney NSW 2000",Location owned and operated by provider,"Level 1, 175 Liverpool St",,,,Sydney,NSW,2000
03944E,INTERNATIONAL INSTITUTE OF SYDNEY PTY LTD,"Level 3, 20-22 Macquarie Street, PARRAMATTA NSW 2150",Location owned and operated by provider,"Level 3, 20-22 Macquarie Street",,,,PARRAMATTA,NSW,2150
03944E,INTERNATIONAL INSTITUTE OF SYDNEY PTY LTD,Wollongong Campus,Location owned and operated by provider,Level 5 325 Crown Street,,,,Wollongong,NSW,2500
03945D,The Bright College Pty Ltd,The Bright College,Location owned and operated by provider,"Level 2, 440 William Street",,,,Perth,WA,6000
03946C,Penfold College Pty Ltd,Level 3 123 Lonsdale Street MELBOURNE VIC 3000,Location owned and operated by provider,Level 3 123 Lonsdale Street,,,,MELBOURNE,VIC,3000
03948A,JMD Business Institute Pty Ltd,161 Brunswick St FORTITUDE VALLEY QLD 4006,Location owned and operated by provider,161 Brunswick St,,,,FORTITUDE VALLEY,QLD,4006
03948A,JMD Business Institute Pty Ltd,Level 5 255 William St MELBOURNE VIC 3000,Location owned and operated by provider,Level 5 255 William St,,,,MELBOURNE,VIC,3000
03948A,JMD Business Institute Pty Ltd,Melbourne,Location owned and operated by provider,Level 4 20 Queen St,,,,MELBOURNE,VIC,3000
03948A,JMD Business Institute Pty Ltd,Pakenham - 29 James St PAKENHAM VIC 3810 Australia,Location owned and operated by provider,29 James Street,,,,PAKENHAM,VIC,3810
03949M,Riverdale Institute Pty Ltd,Gladstone St South Melbourne,Location owned and operated by provider,176 Gladstone St,,,,South Melbourne,VIC,3205
03949M,Riverdale Institute Pty Ltd,Miller St,Location owned and operated by provider,120 Miller St,,,,WEST MELBOURNE,VIC,3003
03949M,Riverdale Institute Pty Ltd,Unit 19 2-14 Station Pl,Location owned and operated by provider,Unit 19 2-14 Station Pl,,,,Werribee,VIC,3030
03951F,Sunbeam International College Pty Ltd,Adelaide Campus,Location owned and operated by provider,62 Gawler Pl,,,,ADELAIDE,SA,5000
03951F,Sunbeam International College Pty Ltd,Burwood Campus,Location owned and operated by provider,14 Railway Pde,,,,BURWOOD,NSW,2134
03951F,Sunbeam International College Pty Ltd,Young St. Campus,Location owned and operated by provider,19 Young Street,,,,ADELAIDE,SA,5000
03953D,Nithi College Pty Ltd,ILLOURA College - 113 Wharf St CANNINGTON WA 6107,Location owned and operated by provider,113 Wharf St,,,,CANNINGTON,WA,6107
03954C,Australian Health and Horticulture Institute Pty Ltd,AHHI PARRAMATTA,Location owned and operated by provider,87 Fennell St,,,,NORTH PARRAMATTA,NSW,2151
03956A,PIONEER EDUCATION INSTITUTE PTY LTD,Level 1 150-152 Adelaide Tce,Location owned and operated by provider,Level 1 150-152 Adelaide Tce,,,,East Perth,WA,6004
03956A,PIONEER EDUCATION INSTITUTE PTY LTD,Pioneer Cannington Kitchen,Location owned and operated by provider,Unit 11 92 Mallard Way,,,,CANNINGTON,WA,6107
03957M,Starford College Pty Ltd,"Suite 1, level 7, 280-282 Pitt St Sydney NSW 2000",Location owned and operated by provider,"Suit 1, level 7, 280-282 Pitt St",,,,Sydney,NSW,2000
03958K,Aim Institute Pty Ltd,"Shop 9, 283-285 Windsor St Richmond",Location owned and operated by provider,"Shop 9, 283-285 Windsor St",,,,Richmond,NSW,2753
03960E,AA Training Pty Ltd,9 Bay St SOUTHPORT QLD,Location owned and operated by provider,9 Bay St,,,,SOUTHPORT,QLD,4215
03960E,AA Training Pty Ltd,"Sydney Campus - Level 4, 1 Fitzwilliam St",Location owned and operated by provider,"Level 4, 1 Fitzwilliam St",,,,PARRAMATTA,NSW,2150
03960E,AA Training Pty Ltd,Sydney Campus - Level 6 16-18 Wentworth St,Location owned and operated by provider,Level 6 16-18 Wentworth St,,,,PARRAMATTA,NSW,2150
03961D,J&L Consultancy Pty Ltd,Burwood Campus,Location owned and operated by provider,Suite 508,11-15 Deane St,,,BURWOOD,NSW,2134
03961D,J&L Consultancy Pty Ltd,Murry St Hobart,Location owned and operated by provider,73-81 Murray St,,,,Hobart,TAS,7000
03962C,Prospect Education Group Pty Ltd,Level 8 118 Queens St,Location owned and operated by provider,Level 8 500 Collins St,,,,Melbourne,VIC,3000
03962C,Prospect Education Group Pty Ltd,"SWANSTON INSTITUTE - 364 Lonsdale St, Melbourne VIC 3000",Location owned and operated by provider,364 Lonsdale St,,,,Melbourne,VIC,3000
03962C,Prospect Education Group Pty Ltd,Swanston Institute Kitchen - 318 King St Melbourne VIC 3000,Location owned and operated by provider,318 King St,,,,Melbourne,VIC,3000
03963B,Workforce Education Institute Pty. Ltd.,Spencer Street Campus,Location owned and operated by provider,372 Spencer St,,,,WEST MELBOURNE,VIC,3003
03964A,ADVANCE INSTITUTE AUSTRALIA PTY LTD,ADELAIDE CAMPUS - 118 King William St ADELAIDE SA 5000,Location owned and operated by provider,118 King William St,,,,ADELAIDE,SA,5000
03964A,ADVANCE INSTITUTE AUSTRALIA PTY LTD,Level 4 20 Queen St MELBOURNE VIC 3000,Location owned and operated by provider,Level 4 20 Queen St,,,,MELBOURNE,VIC,3000
03964A,ADVANCE INSTITUTE AUSTRALIA PTY LTD,Sydney Campus - 410 Elizabeth St SURRY HILLS NSW 2010,Location owned and operated by provider,410 Elizabeth St,,,,SURRY HILLS,NSW,2010
03966K,NOVUS EDUCATION PTY LTD,Gosford Campus - Mann Street,Location owned and operated by provider,Unit 5 153 Mann Street,,,,Gosford,NSW,2250
03966K,NOVUS EDUCATION PTY LTD,Perth Campus - Unit 53 188 Newcastle St PERTH WA 6000,Location owned and operated by provider,Unit 53,188 Newcastle St,,,Perth,WA,6000
03966K,NOVUS EDUCATION PTY LTD,Unit 310 22-36 Mountain Street ULTIMO NSW 2007,Location owned and operated by provider,Unit 310 22-36 Mountain Street,,,,ULTIMO,NSW,2007
03967J,Apex Institute of Higher Education Pty Ltd,"Apex Higher Education, Office 5, 2 Sorrell Street",Location owned and operated by provider,Apex Higher Education,Office 5,2 Sorrell Street,,Parramatta,NSW,2150
03967J,Apex Institute of Higher Education Pty Ltd,"Level 3, 22 Goulburn St, Sydney NSW 2000",Location owned and operated by provider,"Level 3, 22 Goulburn St",,,,Sydney,NSW,2000
03967J,Apex Institute of Higher Education Pty Ltd,"Level 7, 123 Lonsdale St, Melbourne VIC 3000",Location owned and operated by provider,"Level 7, 123 Lonsdale St",,,,Melbourne,VIC,3000
03969G,Polytechnic Victoria Pty Ltd,Brunswick Campus - 103-105 Evans St Brunswick VIC 3056,Location owned and operated by provider,103-105 Evans St,,,,Brunswick,VIC,3056
03969G,Polytechnic Victoria Pty Ltd,Collingwood Campus,Location owned and operated by provider,147 Islington Street,,,,COLLINGWOOD,VIC,3066
03970C,ADELAIDE EDUCATION AND TRAINING PTY LTD,Pirie Street Campus,Location owned and operated by provider,Suite 2 Level 5,97 Pirie St,,,ADELAIDE,SA,5000
03970C,ADELAIDE EDUCATION AND TRAINING PTY LTD,"Sydney Campus - Thomas St - Suite 2, level 4. 187 Thomas St Haymarket NSW 2000",Location owned and operated by provider,"Suite 2, Level 4, 187 Thomas St",,,,Haymarket,NSW,2000
03971B,Australian Guess International College Pty Ltd,"616-620 Harris Street, Ultimo",Location owned and operated by provider,Level 1 616-620 Harris Street,,,,Ultimo,NSW,2007
03974K,Epoch International Group Pty Ltd,"Melbourne Campus - Level 7, 131 Queen St Melbourne VIC 3000",Location owned and operated by provider,"Level 7, 131 Queen St",,,,Melbourne,VIC,3000
03977G,Chase Aus Pty Ltd,54-58 Brookes St BOWEN HILLS QLD,Location owned and operated by provider,54-58 Brookes St,,,,BOWEN HILLS,QLD,4006
03979E,Datum College Pty Ltd,11-17 Jeffcott Street WEST MELBOURNE VIC 3003,Location owned and operated by provider,11-17 Jeffcott Street,,,,WEST MELBOURNE,VIC,3003
03979E,Datum College Pty Ltd,Campus-Footscray - 289-293 Barkly St FOOTSCRAY VIC 3011,Arrangement with Non Registered Provider,289-293 Barkly St,,,,FOOTSCRAY,VIC,3011
03979E,Datum College Pty Ltd,Footscray Campus,Location owned and operated by provider,138 Nicholson St,,,,FOOTSCRAY,VIC,3011
03979E,Datum College Pty Ltd,NSW Ultimo Campus - Level 4 579 Harris St ULTIMO NSW 2007,Arrangement with Non Registered Provider,Level 4 579 Harris St,,,,ULTIMO,NSW,2007
03982K,WINSLOW PROFESSIONAL EDUCATION PTY LTD,Elizabeth Street,Location owned and operated by provider,"Level 7, 440 Elizabeth Street",,,,Melbourne,VIC,3000
03982K,WINSLOW PROFESSIONAL EDUCATION PTY LTD,Kitchen Location - 172 Victoria St RICHMOND VIC 3121 Australia,Location owned and operated by provider,172 Victoria St,,,,RICHMOND,VIC,3121
03982K,WINSLOW PROFESSIONAL EDUCATION PTY LTD,Winslow College - Level 9 620 Bourke St MELBOURNE VIC 3000 Australia,Location owned and operated by provider,"Suite 900, Level 9",620 Bourke St,,,MELBOURNE,VIC,3000
03982K,WINSLOW PROFESSIONAL EDUCATION PTY LTD,WINSLOW PROFESSIONAL EDUCATION PTY LTD - Level 9 620 Bourke St MELBOURNE VIC 3000 Australia,Location owned and operated by provider,Level 9,620 Bourke St,,,MELBOURNE,VIC,3000
03983J,AUSTRALIAN INSTITUTE OF DIGITAL TECHNOLOGY PTY LTD,CBD Campus,Location owned and operated by provider,"Shop 4 & 5, 108 Bourke St",,,,Melbourne,VIC,3000
03983J,AUSTRALIAN INSTITUTE OF DIGITAL TECHNOLOGY PTY LTD,Level 1 - 377 Lonsdale St,Location owned and operated by provider,Level 1 - 377 Lonsdale St,,,,Melbourne,VIC,3000
03984H,Palmir Educreation Pty Ltd,"15 Quinlan Road, Epping Vic 3076",Location owned and operated by provider,15 Quinlan Road,,,,EPPING,VIC,3076
03984H,Palmir Educreation Pty Ltd,"Office 9 Level 1 100 Overton Rd, Williams Landing VIC",Location owned and operated by provider,Office 9 Level 1 100 Overton Rd,,,,Williams Landing,VIC,3027
03984H,Palmir Educreation Pty Ltd,SIT main,Location owned and operated by provider,19 Radnor Dr,,,,DEER PARK,VIC,3023
03985G,Australian International College of Skills & Education Pty Ltd,AICSE International - Room 2 269 Bigge St LIVERPOOL NSW 2170,Location owned and operated by provider,"Room 2, 269 Bigge Street",,,,LIVERPOOL,NSW,2170
03986F,AIE Institute Limited,33 Mountain St NSW,Location owned and operated by provider,33 Mountain St,,,,Ultimo,NSW,2007
03986F,AIE Institute Limited,49 Phillip Ave ACT,Location owned and operated by provider,Canberra Technology Park,49 Phillip Avenue,,,Watson,ACT,2602
03990K,Workplace Health & Safety Services Pty Ltd,"Level 4, 180 Bourke St, Melbourne",Location owned and operated by provider,"Level 4, 180 Bourke St",,,,Melbourne,VIC,3000
03991J,Atlantic College Pty Ltd,"89A Scarborough St, Southport",Location owned and operated by provider,89A Scarborough St,,,,Southport,QLD,4215
03991J,Atlantic College Pty Ltd,Perth Site - 7 Fairbrother St BELMONT WA 6104,Location owned and operated by provider,7 Fairbrother St,,,,BELMONT,WA,6104
03991J,Atlantic College Pty Ltd,"Unit 1, 2 Pacific Promenade, Pakenham VIC 3810",Location owned and operated by provider,"Unit 1, 2 Pacific Promenade",,,,Pakenham,VIC,3810
03992H,Le Pont International College Pty Ltd,L2 12-14 Wentworth St PARRAMATTA NSW 2150,Arrangement with Non Registered Provider,12-14 Wentworth St,,,,PARRAMATTA,NSW,2150
03994F,Sydney Institute of Top Education Pty Ltd,Rhodes - Shop 1 15-17 Blaxland Rd RHODES NSW 2138,Location owned and operated by provider,Shop 1 15-17 Blaxland Rd,,,,Rhodes,NSW,2138
03994F,Sydney Institute of Top Education Pty Ltd,Sydney City Campus - 48 Oxford St Darlinghurst NSW 2010,Location owned and operated by provider,48 Oxford St,,,,Darlinghurst,NSW,2010
03995E,Raymond International College Pty Ltd,Raymond Campus - Ground Floor 341 Queen St MELBOURNE VIC 3000,Location owned and operated by provider,Ground Floor 341 Queen St,,,,Melbourne,VIC,3000
03996D,Australian Institute of Technology and Commerce Pty Ltd,"Level 6, 8 Quay Street",Location owned and operated by provider,"Level 6, 8 Quay Street",,,,Haymarket,NSW,2000
03997C,ANZ College Pty Ltd,16-18 Aberdeen St PERTH WA 6000,Location owned and operated by provider,16-18 Aberdeen St,,,,Perth,WA,6000
04000A,Pentagon College Pty Ltd,235 Church St PARRAMATTA,Location owned and operated by provider,235 Church St,,,,PARRAMATTA,NSW,2150
04002K,LEGEND INSTITUTE PTY LTD,James Ruse Drive workshop,Location owned and operated by provider,4/2-10 James Ruse Drive,,,,CLYDE,NSW,2142
04002K,LEGEND INSTITUTE PTY LTD,Liverpool Street,Location owned and operated by provider,Level 3 127 Liverpool St,,,,Sydney,NSW,2000
04002K,LEGEND INSTITUTE PTY LTD,Macquarie St,Location owned and operated by provider,Level 3 20-22 Macquarie St,,,,PARRAMATTA,NSW,2150
04002K,LEGEND INSTITUTE PTY LTD,Sydney Street workshop,Location owned and operated by provider,32 Sydney Street,,,,MARRICKVILLE,NSW,2204
04006F,Award Academy Australia Pty Ltd,St Joseph's Baulkham Hills,Location owned and operated by provider,33 Barina Downs Road,,,,Norwest,NSW,7386
04007E,Australian Institute of Education and Technology Pty Ltd,"Brisbane CBD Campus, Level 1 231 George St",Location owned and operated by provider,Suite 1 Level 1 231 George St,,,,BRISBANE CITY,QLD,4000
04007E,Australian Institute of Education and Technology Pty Ltd,"Cairns Square Campus - 42-52 Abbott St, CAIRNS QLD 4870",Location owned and operated by provider,42-52 Abbott St,,,,CAIRNS,QLD,4870
04007E,Australian Institute of Education and Technology Pty Ltd,Level 1 252 St Pauls Tce FORTITUDE VALLEY QLD 4006,Location owned and operated by provider,Level 1 252 St Pauls Tce,,,,Fortitude Valley,QLD,4006
04007E,Australian Institute of Education and Technology Pty Ltd,Level 6 231 George St Brisbane CBD Campus,Location owned and operated by provider,Level 6 231 George St,,,,BRISBANE CITY,QLD,4000
04008D,Australian College of Vocational Education and Training Pty Ltd,Melbourne Campus,Location owned and operated by provider,Level 1 389 Lonsdale St,,,,MELBOURNE,VIC,3000
04008D,Australian College of Vocational Education and Training Pty Ltd,Melbourne CBD,Location owned and operated by provider,Level 5 18-38D Siddeley St,,,,DOCKLANDS,VIC,3008
04009C,National Academy of Professional Studies Pty Ltd,"High Street, Parramatta Campus",Location owned and operated by provider,55 High Street,,,,Parramatta,NSW,2150
04009C,National Academy of Professional Studies Pty Ltd,"Level 4, 136 Chalmers Street, Surry Hills, NSW 2010",Location owned and operated by provider,"Level 4, 136 Chalmers Street",,,,Surry Hills,NSW,2010
04009C,National Academy of Professional Studies Pty Ltd,"Levels 6 and 7, 20 Queen St, Melbourne, VIC 3000",Location owned and operated by provider,"Levels 6 and 7, 20 Queen St",,,,Melbourne,VIC,3000
04009C,National Academy of Professional Studies Pty Ltd,"Westfield Centre, Parramatta Campus",Location owned and operated by provider,"Suite 707, Level 7,  159-175 Church Street",Westfield Shopping Centre,,,Parramatta,NSW,2150
04010K,ELS FUTURES PTY LTD,Brisbane City Campus,Location owned and operated by provider,Level 4 369 Ann Street,,,,BRISBANE CITY,QLD,4000
04010K,ELS FUTURES PTY LTD,Ground Floor,Location owned and operated by provider,Ground Floor 433 Boundary Street,,,,SPRING HILL,QLD,4000
04010K,ELS FUTURES PTY LTD,Level 1 433 Boundary St SPRING HILL QLD 4000,Location owned and operated by provider,Level 1 433 Boundary St,,,,SPRING HILL,QLD,4000
04011J,United Institute Pty Ltd,Main Campus,Location owned and operated by provider,Level 10 474 Flinders St,,,,MELBOURNE,VIC,3000
04012H,Edunex Pty Ltd,Melbourne CBD Campus - Level 8 406 Collins St MELBOURNE,Arrangement with Non Registered Provider,Level 8 406 Collins St,,,,Melbourne,VIC,3000
04013G,Queensland Institute of Higher Education Pty Ltd,"Level 23 & 24, 343 Albert St, Brisbane",Location owned and operated by provider,Level 23 and 24,343 Albert Street,,,Brisbane,QLD,4000
04013G,Queensland Institute of Higher Education Pty Ltd,"Level 8, 540 George St, Sydney, NSW 2000",Location owned and operated by provider,"Level 8, 540 George St",,,,Sydney,NSW,2000
04015E,Ivory Education Group Pty Ltd,Level 8 90 King William St ADELAIDE SA 5000,Location owned and operated by provider,Level 8 90 King William St,,,,Adelaide,SA,5000
04016D,SAPIENCE COLLEGE PTY LTD,"Suites 1.09 & 1.10 425 Docklands Drive, Docklands",Location owned and operated by provider,Suite 109 Level 1 425 Docklands Dr,,,,DOCKLANDS,VIC,3008
04017C,Future College Pty Ltd,Level 1 - 586-590 Parramatta Rd PETERSHAM NSW 2049,Location owned and operated by provider,Level 1 - 586-590 Parramatta Rd,,,,PETERSHAM,NSW,2049
04018B,Melbourne Institute of Higher Education Pty Ltd,"150 High Street, Preston",Location owned and operated by provider,150 High Street,,,,Preston,VIC,3072
04018B,Melbourne Institute of Higher Education Pty Ltd,"City campus, Level 4, 259 Collins Street, Melbourne VIC 3000",Location owned and operated by provider,"Level 4, 259 Collins Street",City Campus,,,Melbourne,VIC,3000
04019A,ACCORD COLLEGE PTY LTD,Unit 19 2-14  Station Pl WERRIBEE VIC 3030 Australia,Location owned and operated by provider,Unit 19 2-14 Station Pl,,,,WERRIBEE,VIC,3030
04021G,Alice Springs College of Australia Pty Ltd,"40 Gap Road, ALICE SPRINGS NT 0870",Location owned and operated by provider,40 Gap Road,,,,ALICE SPRINGS,NT,0870
04021G,Alice Springs College of Australia Pty Ltd,Burwood Site,Location owned and operated by provider,7 Deane St,,,,BURWOOD,NSW,2134
04023E,Australian Virtus Institute Pty Ltd,"Level 6 West, Level 6, 50 Grenfell St, Adelaide SA 5000",Location owned and operated by provider,"Level 6 West, Level 6, 50 Grenfell St",,,,Adelaide,SA,5000
04023E,Australian Virtus Institute Pty Ltd,Level 9 50 Grenfell St ADELAIDE SA 5000,Location owned and operated by provider,Level 9 50 Grenfell St,,,,Adelaide,SA,5000
04023E,Australian Virtus Institute Pty Ltd,Shop 1 Ground Floor 108 King William St ADELAIDE SA 5000,Location owned and operated by provider,Shop 1 Ground Floor 108 King William St,,,,ADELAIDE,SA,5000
04023E,Australian Virtus Institute Pty Ltd,Sydney Campus - Level 3 127 Liverpool St SYDNEY NSW 2000,Location owned and operated by provider,Level 3 127 Liverpool St,,,,SYDNEY,NSW,2000
04024D,Harvard International College Pty Ltd,Level 8 50 Grenfell St ADELAIDE SA 5000,Location owned and operated by provider,Level 8 50 Grenfell St,,,,Adelaide,SA,5000
04025C,Brightpart Learning Centre Pty Ltd,83 Boundary Rd NORTH MELBOURNE VIC 3051,Location owned and operated by provider,83 Boundary Rd,,,,North Melbourne,VIC,3051
04025C,Brightpart Learning Centre Pty Ltd,NVC Brisbane - Unit 19 - 269 Wickham St FORTITUDE VALLEY QLD  4006,Location owned and operated by provider,Unit 19 - 269 Wickham St,,,,FORTITUDE VALLEY,QLD,4006
04026B,BDMS Education Pty Ltd,Sydney Campus,Location owned and operated by provider,Level 5 56-58 York St,,,,SYDNEY,NSW,2000
04029K,Greenhill Institute Pty Ltd,Suite 2 - 17 David St BRUNSWICK VIC,Location owned and operated by provider,Suite 2 - 17 David St,,,,BRUNSWICK,VIC,3056
04030F,AUIPT GROUP PTY LTD,Ground Floor 301-311 Flinders Lane MELBOURNE,Location owned and operated by provider,Ground Floor 301-311 Flinders Lane,,,,MELBOURNE,VIC,3000
04033C,Educate Australia Pty Ltd,"Unit 116 & 117, 12 Salonika St PARAP NT 0820",Location owned and operated by provider,Unit 116 12 Salonika St,,,,Parap,NT,0804
04034B,Australian Vocational Training Academy Pty Ltd,"10 Quay St, BUNDABERG CENTRAL QLD 4670",Arrangement with Non Registered Provider,10 Quay St,,,,Bundaberg Central,QLD,4670
04034B,Australian Vocational Training Academy Pty Ltd,125 Main St BLACKTOWN NSW 2148,Location owned and operated by provider,125 Main St,,,,BLACKTOWN,NSW,2148
04034B,Australian Vocational Training Academy Pty Ltd,132-146 Elizabeth St HOBART TAS 7000,Location owned and operated by provider,132-146 Elizabeth St,,,,Hobart,TAS,7000
04034B,Australian Vocational Training Academy Pty Ltd,Level 9/ 420 Collins St MELBOURNE VIC 3000,Arrangement with Non Registered Provider,Level 9/ 420 Collins St,,,,MELBOURNE,VIC,3000
04035A,Waratah Polytechnic Pty Ltd,Burwood Campus - 7 Deane Street Burwood NSW 2134,Location owned and operated by provider,7 Deane Street,,,,Burwood,NSW,2134
04035A,Waratah Polytechnic Pty Ltd,Punchbowl Campus - 99 Wattle St PUNCHBOWL NSW 2196,Arrangement with Non Registered Provider,99 Wattle St,,,,PUNCHBOWL,NSW,2196
04035A,Waratah Polytechnic Pty Ltd,Suite 19 650 George St SYDNEY NSW 2000,Location owned and operated by provider,Suite 19 650 George St,,,,Sydney,NSW,2000
04036M,Kingsford Education Group Pty Ltd,80 Wentworth Ave SURRY HILLS NSW,Location owned and operated by provider,80 Wentworth St,,,,Surry Hills,NSW,2010
04036M,Kingsford Education Group Pty Ltd,Level 2 545 Kent Street SYDNEY NSW 2000,Location owned and operated by provider,Level 2 545 Kent St,,,,Sydney,NSW,2000
04043A,Avir Institute of Skills Pty Ltd,Melbourne Campus - 93 Queens Bridge St SOUTHBANK VIC,Location owned and operated by provider,93 Queens Bridge St,,,,SOUTHBANK,VIC,3006
04043A,Avir Institute of Skills Pty Ltd,Western Campus - 3 Amherst Dr TRUGANINA VIC 3029,Location owned and operated by provider,3 Amherst Dr,,,,TRUGANINA,VIC,3029
04044M,Vigil International College Pty Ltd,Suite 2 Level 2 16-18 Wentworth St  PARRAMATTA NSW 2150,Location owned and operated by provider,Suite 2 Level 2 16-18 Wentworth St,,,,PARRAMATTA,NSW,2150
04045K,Vocational Trainers Pty Ltd,Auswide Workshop - Unit 26 128 Station Rd SEVEN HILLS NSW 2147,Location owned and operated by provider,Unit 26 128 Station Rd,,,,SEVEN HILLS,NSW,2147
04045K,Vocational Trainers Pty Ltd,Kitchen United - 118 Church St PARRAMATTA NSW 2150,Location owned and operated by provider,118 Church St,,,,PARRAMATTA,NSW,2150
04045K,Vocational Trainers Pty Ltd,Parramatta - Level 3 1 Fitzwilliam St,Location owned and operated by provider,Level 3 1 Fitzwilliam St,,,,PARRAMATTA,NSW,2150
04047H,Genesis Education Group Pty Ltd,Genesis International College - South Morang Campus - Unit 2 5 Danaher Dr SOUTH MORANG VIC 3752,Arrangement with Non Registered Provider,Unit 2 5 Danaher Dr,,,,SOUTH MORANG,VIC,3752
04048G,Australian Institute of Business and Technical Education Pty Ltd,AIBTE WA - 29 Durham Rd BAYSWATER WA 6053,Arrangement with Non Registered Provider,29 Durham Rd,,,,BAYSWATER,WA,6053
04048G,Australian Institute of Business and Technical Education Pty Ltd,Level 3 47 Waymouth St,Location owned and operated by provider,Level 3 47 Waymouth St,,,,Adelaide,SA,5000
04049F,Perth Institute of Australia Pty Ltd,"Level 2, 10 Victoria Avenue",Location owned and operated by provider,"Level 2, 10 Victoria Avenue",,,,PERTH,WA,6000
04049F,Perth Institute of Australia Pty Ltd,Wellington Street,Location owned and operated by provider,Unit 16 200 Wellington St,,,,EAST PERTH,WA,6004
04050B,ABBI Educational Services Pty Ltd,King William,Location owned and operated by provider,"Level 5, 117 King William Street",,,,ADELAIDE,SA,5000
04052M,Institute of Management and Trade,IOMT Kensington - 76-78 Smith St KENSINGTON VIC 3031,Location owned and operated by provider,76-78 Smith St,,,,KENSINGTON,VIC,3031
04052M,Institute of Management and Trade,T29 - 4 Cardinia Rd OFFICER VIC 3809,Location owned and operated by provider,T29 - 4 Cardinia Rd,,,,Officer,VIC,3809
04055H,Auscare Staffing Agency Pty Ltd,Perth - 60-62 Stirling St PERTH WA 6000,Location owned and operated by provider,60-62 Stirling St,,,,PERTH,WA,6000
04056G,MARS INSTITUTE PTY LTD,Unit 5 200 Turner Street PORT MELBOURNE VIC 3207,Location owned and operated by provider,Unit 5 200 Turner St,,,,PORT MELBOURNE,VIC,3207
04057F,SECURITY COLLEGE OF AUSTRALIA Pty Ltd,Anderson Campus,Location owned and operated by provider,Level 3 85 Queen St,,,,MELBOURNE,VIC,3000
04059D,Analytics Institute of Australia Pty Ltd,"Level 10, 601 Bourke Street",Location owned and operated by provider,"Level 10, 601 Bourke St",,,,Melbourne,VIC,3000
04061K,Britts College Pty Ltd,Bondi Campus - Suite 9 95-97 Grafton St BONDI JUNCTION NSW 2022,Location owned and operated by provider,Suite 9 95-97 Grafton St,,,,BONDI JUNCTION,NSW,2022
04061K,Britts College Pty Ltd,"George Street Campus - Level 3, 531 George Street, Sydney NSW 2000",Location owned and operated by provider,"Level 3, 531 George Street",,,,Sydney,NSW,2000
04061K,Britts College Pty Ltd,"Melbourne Lonsdale Campus - Level 7, 108 Lonsdale Street, Melbourne VIC 3000",Location owned and operated by provider,Level 7 108 Lonsdale Street,,,,MELBOURNE,VIC,3000
04062J,Auscanus Institute of Australia Pty Ltd,Level 6 55 Swanston St MELBOURNE VIC 3000,Location owned and operated by provider,Level 6 55 Swanston St,,,,Melbourne,VIC,3000
04062J,Auscanus Institute of Australia Pty Ltd,Melbourne Campus,Location owned and operated by provider,Level 5 333 Queen Street,,,,Melbourne,VIC,3000
04066E,Marasi Education Pty Ltd (VSC),219-221 Sydney Rd,Location owned and operated by provider,"219-221, Sydney Rd",,,,Coburg,VIC,3058
04067D,WHITEHOUSE INTERNATIONAL COLLEGE PTY LTD,150 King St NEWCASTLE NSW 2300,Location owned and operated by provider,150 King St,,,,Newcastle,NSW,2300
04067D,WHITEHOUSE INTERNATIONAL COLLEGE PTY LTD,Canberra Unit 21-24 - 28 University Ave CANBERRA ACT 2601,Location owned and operated by provider,Unit 21-24 - 28 University Ave,,,,CANBERRA,ACT,2601
04067D,WHITEHOUSE INTERNATIONAL COLLEGE PTY LTD,Moore Street,Location owned and operated by provider,"Suite 1, Level 3",15 Moore Street,,,Canberra,ACT,2601
04070J,Southern Institute of Early Learning and Leadership Pty Ltd,ACT Campus,Location owned and operated by provider,72 Townsend Street,,,,PHILLIP,ACT,2026
04070J,Southern Institute of Early Learning and Leadership Pty Ltd,Level 5 307 Pitt St SYDNEY NSW 2000,Location owned and operated by provider,Level 5 307 Pitt St,,,,Sydney,NSW,2000
04073F,Daffodil International College Pty Ltd,"Sydney Campus - Level 1, 175 Liverpool St Sydney NSW 2000",Location owned and operated by provider,"Level 1, 175 Liverpool St",,,,Sydney,NSW,2000
04074E,Australian Professional Training Academy Pty Ltd,35 Daisy Street REVESBY NSW 2212,Location owned and operated by provider,35 Daisy St,,,,Revesby,NSW,2212
04074E,Australian Professional Training Academy Pty Ltd,City Campus 410 Elizabeth Street,Location owned and operated by provider,410 Elizabeth Street,,,,SURRY HILLS,NSW,2010
04074E,Australian Professional Training Academy Pty Ltd,Commercial kitchen - Unit 19 30-32 Beaconsfield St ALEXANDRIA NSW 2015,Arrangement with Non Registered Provider,"Unit 19, 30-32 Beaconsfield St",,,,Alexandria,NSW,2015
04074E,Australian Professional Training Academy Pty Ltd,Main Campus,Location owned and operated by provider,175 Cleveland St,,,,REDFERN,NSW,2016
04078A,Southern Cross Institute (SCI),"Level 2, 1 - 3 Fitzwilliam Street",Location owned and operated by provider,"Level 2, 1 - 3 Fitzwilliam Street",,,,Parramatta,NSW,2150
04078A,Southern Cross Institute (SCI),"Level 6, 31 - 39 Macquarie Street, Parramatta, NSW, 2150",Location owned and operated by provider,31-39 Macquarie Street,Level 6,,,Parramatta,NSW,2150
04079M,Thames International College Pty Ltd,118 Walker St NORTH SYDNEY NSW 2060,Location owned and operated by provider,118 Walker St,,,,North Sydney,NSW,2060
04080G,DS College Pty Ltd,"11-17 Jeffcott Street, West Melbourne VIC 3003",Arrangement with Non Registered Provider,11-17 Jeffcott Street,,,,West Melbourne,VIC,3003
04080G,DS College Pty Ltd,412/101 Overton Rd WILLIAMS LANDING VIC 3027,Location owned and operated by provider,412/101 Overton Rd,,,,Williams Landing,VIC,3027
04080G,DS College Pty Ltd,Unit 8 92-100 Champion Rd NEWPORT VIC 3015,Location owned and operated by provider,Unit 8 92-100 Champion Rd,,,,Newport,VIC,3015
04082E,Mpika Holdings Pty Ltd,"Level 8, 85 Queen St, Melbourne VIC 3000",Location owned and operated by provider,85 Queen Street,Level 8,,,Melbourne,VIC,3000
04082E,Mpika Holdings Pty Ltd,Levels 1&7 16-18 Wentworth Street,Location owned and operated by provider,Levels 1&7,16-18 Wentworth Street,,,Parramatta,NSW,2150
04085B,Kings Institute of Vocational Studies Pty Ltd,153 Mann Street Gosford  NSW,Location owned and operated by provider,"Unit 5, 153 Mann Street",,,,Gosford,NSW,2250
04085B,Kings Institute of Vocational Studies Pty Ltd,KIVS Granville Campus,Location owned and operated by provider,133 Parramatta Rd,,,,GRANVILLE,NSW,2142
04089J,Global Healthcare Management College Pty Ltd,GHMC Riggall,Location owned and operated by provider,61 Riggall St,,,,BROADMEADOWS,VIC,3047
04089J,Global Healthcare Management College Pty Ltd,Level 9 - Currie St,Location owned and operated by provider,Level 9 - 38 Currie St,,,,ADELAIDE,SA,5000
04089J,Global Healthcare Management College Pty Ltd,Shop 9 3360 Pacific Hwy,Location owned and operated by provider,Shop 9 3360 Pacific Hwy,,,,SPRINGWOOD,QLD,4127
04089J,Global Healthcare Management College Pty Ltd,Tenancy C8 - 61 Riggall St,Location owned and operated by provider,Tenancy C8 - 61 Riggall St,,,,BROADMEADOWS,VIC,3047
04089J,Global Healthcare Management College Pty Ltd,Unit2 Mount Gravatt Site,Location owned and operated by provider,Unit 2 - 57 Sanders St,,,,UPPER MOUNT GRAVATT,QLD,4122
04090E,Sydney Polytechnic Institute,"Levels 3 and 4, 191 Thomas St",Location owned and operated by provider,"Level 4, 191 Thomas St",,,,Haymarket,NSW,2000
04090E,Sydney Polytechnic Institute,"Perth Campus, Units 39-42, 251 Adelaide Terrace, Perth WA 6000",Location owned and operated by provider,"Units 39-42, 251 Adelaide Terrace",,,,Perth,WA,6000
04091D,AUSTRALIAN SCHOOL OF BUSINESS & TRADE PTY LTD,ASBT Campus,Location owned and operated by provider,"Level 8, 131 Queen Street",,,,Melbourne,VIC,3000
04091D,AUSTRALIAN SCHOOL OF BUSINESS & TRADE PTY LTD,AUSTRALIAN SCHOOL OF BUSINESS & TRADE PTY LTD,Location owned and operated by provider,Level 12 190 Queen St,,,,MELBOURNE,VIC,3000
04093B,College of Skills & Knowledge Pty Ltd,61 Riggall St BROADMEADOWS VIC 3047,Arrangement with Non Registered Provider,"Part A, C6 Ground Floor, 61 Riggall Street",,,,Broadmeadow,VIC,3047
04094A,NSW Higher Education Pty Ltd,Ground Floor 51-53 Murray St PYRMONT NSW 2009,Location owned and operated by provider,Ground Floor 51-53 Murray St,,,,Pyrmont,NSW,2009
04095M,Australian Institute of Professional Counsellors,"170 Wellington Street, East Perth",Location owned and operated by provider,170 Wellington Street,,,,West Perth,WA,6004
04095M,Australian Institute of Professional Counsellors,"Levels 2 & 3, 368 Elizabeth Street, Melbourne VIC 3000",Location owned and operated by provider,368 Elizabeth Street,Levels 2 & 3,,,Melbourne,VIC,3000
04095M,Australian Institute of Professional Counsellors,"Levels 5-6, 815-825 George St, Haymarket NSW 2000",Location owned and operated by provider,815-825 George St,Levels 5-6,,,Haymarket,NSW,2000
04096K,NATIONAL POLYTECHNIC OF AUSTRALIA PTY LTD,Quay Street,Location owned and operated by provider,Level 2 8 Quay St,,,,HAYMARKET,NSW,2000
04096K,NATIONAL POLYTECHNIC OF AUSTRALIA PTY LTD,South Melbourne,Arrangement with Non Registered Provider,51 Brady St,,,,SOUTH MELBOURNE,VIC,3205
04097J,Lincoln Institute of Higher Education Ltd,"Level 8, 175 Liverpool St, Sydney NSW 2000",Location owned and operated by provider,"Level 8, 175 Liverpool St",,,,Sydney,NSW,2000
04099G,Norton Institute Pty Ltd,Unit 29 23 Norton St LEICHHARDT NSW 2040 Australia,Location owned and operated by provider,Unit 29 23 Norton St,,,,LEICHHARDT,NSW,2040
04102F,Australian Data and Cyber Institute,"Level 3, 251 Adelaide Terrace, Perth 6000",Location owned and operated by provider,"Level 3, 251 Adelaide Terrace",,,,Perth,WA,6000
04103E,Grenfell Education Enterprises Pty Ltd,Grenfell Institute of Technology Australia,Location owned and operated by provider,Suite 1 Level 17 45 Grenfell St,,,,ADELAIDE,SA,5000
04103E,Grenfell Education Enterprises Pty Ltd,Melbourne Campus,Location owned and operated by provider,Level 4 20 Queen St,,,,MELBOURNE,VIC,3000
04103E,Grenfell Education Enterprises Pty Ltd,Training Kitchen,Location owned and operated by provider,Level 2 282 Gouger St,,,,ADELAIDE,SA,5000
04106B,States College Australia Pty Ltd,States College Australia,Location owned and operated by provider,"Suite 301, Level 3, 620 Bourke St.",,,,Melbourne,VIC,3000
04107A,Atlas Education Pty Ltd,Atlas Education,Location owned and operated by provider,Level 2 366 King William St,,,,Adelaide,SA,5000
04108M,IIVS Pty Ltd,175 Church Street Parramatta,Arrangement with Non Registered Provider,Suite 501A 175 Church Street,,,,PARRAMATTA,NSW,2150
04108M,IIVS Pty Ltd,Sydney Campus - Level 4 22 Market St SYDNEY NSW 2000,Location owned and operated by provider,Level 4 22 Market St,,,,SYDNEY,NSW,2000
04109K,Sharma Education Pty Ltd,Level 6 440 Elizabeth St,Location owned and operated by provider,Level 6 440 Elizabeth St,,,,MELBOURNE,VIC,3000
04114B,Indopacific Global Pty Ltd,Skyline Institute of Technology,Location owned and operated by provider,Level 8 310 King St,,,,Melbourne,VIC,3000
04115A,Yarra Education Australia,"18 Lens Street, Coburg North VIC 3058",Location owned and operated by provider,18 Lens Street,,,,Coburg North,VIC,3058
04115A,Yarra Education Australia,Level 4 255 William Street MELBOURNE VIC 3000,Location owned and operated by provider,Level 4 255 William St,,,,MELBOURNE,VIC,3000
04115A,Yarra Education Australia,"Location 6, 190 Queen Street, Melbourne Vic",Location owned and operated by provider,"Level 6, 190 Queen Street",,,,Melbourne,VIC,3000
04116M,PBL Education Pty Ltd,"Level 4, 540 George Street, Sydney NSW 2000",Location owned and operated by provider,Level 4,540 George Street,,,Sydney,NSW,2000
04117K,Ardor College Pty Ltd,Ardor Townsville,Location owned and operated by provider,Ardor Townsville,Unit 1 24 Madden St,,,AITKENVALE,QLD,4814
04119H,Australian Management College Pty Ltd,Australian Management College Pty Ltd,Location owned and operated by provider,"Level 1, 126 Margaret St.",,,,Brisbane,QLD,4000
04120D,Kangaroo International College Pty Ltd,KIC Maidstone - Unit 1 72-80 Hampstead Rd MAIDSTONE VIC 3012,Arrangement with other registered provider,Unit 1 72-80 Hampstead Rd,,,,MAIDSTONE,VIC,3012
04120D,Kangaroo International College Pty Ltd,"Level 6, 440 Elizabeth St Melbourne VIC 3000",Location owned and operated by provider,"Level 6, 440 Elizabeth St",,,,Melbourne,VIC,3000
04122B,Danford Higher Education Pty Ltd,Flinders Street Campus,Location owned and operated by provider,"Level 7, 525 Flinders Street",,,,Melbourne,VIC,3000
04123A,Austin Institute of Trades Pty Ltd,Automotive workshop: 105 Elm Park Dr HOPPERS CROSSING VIC 3029,Location owned and operated by provider,105 Elm Park Dr,,,,HOPPERS CROSSING,VIC,3029
04123A,Austin Institute of Trades Pty Ltd,"Level 11, 474 Flinders Street Melbourne",Arrangement with other registered provider,474 Flinders St,Level 11,,,Melbourne,VIC,3000
04123A,Austin Institute of Trades Pty Ltd,ONTTC Lalor: 2 Robert Street Lalor VIC 3075,Location owned and operated by provider,2 Robert Street,,,,Lalor,VIC,3075
04133K,Hillshire Investment Pty Ltd,Surry Hills Campus,Location owned and operated by provider,Level 3 72-82 Mary St,,,,SURRY HILLS,NSW,2010
04134J,Marriott Education Group Pty Ltd,Marriott Melbourne - Level 5 20 Queen St MELBOURNE VIC 3000,Location owned and operated by provider,Level 5 20 Queen St,,,,MELBOURNE,VIC,3000
04134J,Marriott Education Group Pty Ltd,"Tenancy 2, Level 8, 168 Exhibition Street Melbourne",Location owned and operated by provider,"Tenancy 2, Level 8, 168 Exhibition Street",,,,Melbourne,VIC,3000
04135H,Sydney College of Professional Education,Sydney College of Professional Education,Location owned and operated by provider,Unit 1 133 Parramatta Rd,,,,GRANVILLE,NSW,2142
04136G,VIITE Pty Ltd,Gold Coast Campus,Location owned and operated by provider,Suite 204 Level 2 9 Bay St,,,,SOUTHPORT,QLD,4215
04136G,VIITE Pty Ltd,Melbourne Campus,Location owned and operated by provider,Level 5 271 William St,,,,MELBOURNE,VIC,3000
04136G,VIITE Pty Ltd,Sydney Campus,Location owned and operated by provider,27-29 Argyle St,,,,PARRAMATTA,NSW,2150
04142J,Epicure Skills Training,"Level 1, 175 Liverpool Street, Sydney NSW 2000",Arrangement with Non Registered Provider,"Level 1, 175 Liverpool Street",,,,Sydney,NSW,2000
04143H,Platinum Education Pty Ltd,Head Campus,Location owned and operated by provider,Suite 1 3350 Pacific Hwy,,,,SPRINGWOOD,QLD,4217
04144G,Management Institute of Australia Pty Ltd,Suite 5 & 6 - 55 Phillip St PARRAMATTA NSW 2150,Location owned and operated by provider,Suite 5 & 6 - 55 Phillip St,,,,PARRAMATTA,NSW,2150
04146E,PACIFIC COLLEGE SYDNEY PTY LTD,"Bankstown Campus - 47 Rickard Rd, Bankstown NSW 2200",Location owned and operated by provider,47 Rickard Rd,,,,Bankstown,NSW,2200
04146E,PACIFIC COLLEGE SYDNEY PTY LTD,City Campus - SURRY HILLS,Location owned and operated by provider,Unit 102 410 Elizabeth St,,,,SURRY HILLS,NSW,2010
04146E,PACIFIC COLLEGE SYDNEY PTY LTD,Commercial Kitchen,Location owned and operated by provider,118 Church St,,,,PARRAMATTA,NSW,2150
04146E,PACIFIC COLLEGE SYDNEY PTY LTD,Pacific College Sydney,Location owned and operated by provider,"Suite 102, 410 Elizabeth St",,,,Surry Hills,NSW,2010
04146E,PACIFIC COLLEGE SYDNEY PTY LTD,Parramatta campus - Level 4 79 George St PARRAMATTA NSW 2150,Location owned and operated by provider,Level 4 79 George St,,,,PARRAMATTA,NSW,2150
04147D,Allman College Pty. Ltd.,South Sydney Campus - Level 3 127 Liverpool St SYDNEY NSW 2000,Location owned and operated by provider,Level 3 127 Liverpool St,,,,SYDNEY,NSW,2000
04149B,Infinity Business College Pty Ltd,"Gosford - Suite 201, Level 2, 40 Mann St Gosford NSW 2250",Location owned and operated by provider,"Suite 201, Level 2",40 Mann St,,,Gosford,NSW,2250
04151H,QTN Pty Ltd,Sydney Campus,Location owned and operated by provider,27-29 Argyle St,,,,PARRAMATTA,NSW,2150
04151H,QTN Pty Ltd,William St Campus - Level 5 271 William St MELBOURNE VIC 3000,Location owned and operated by provider,Level 5 271 William St,,,,Melbourne,VIC,3000
04152G,Insight Institute of Further Studies Pty Ltd,Insight Institute of Further Studies,Location owned and operated by provider,Unit 25 797 Plenty Rd,,,,South Morang,VIC,3752
04155D,Phia Education Pty Ltd,Hopkins International College,Location owned and operated by provider,Suite 2 170 Wellington St,,,,East Perth,WA,6004
04155D,Phia Education Pty Ltd,Kitchen Perth CBD,Location owned and operated by provider,Cottage 21 Ground Floor,326 Hay St,,,PERTH,WA,6000
04155D,Phia Education Pty Ltd,"Shop 04, 80 Striling Street Perth 6000",Location owned and operated by provider,"Shop 04, 80 Striling Street",,,,PERTH,WA,6000
04156C,Australis Vocational College Pty Ltd,Australis Vocational College,Location owned and operated by provider,43 Marion Street,,,,Parramatta,NSW,2150
04156C,Australis Vocational College Pty Ltd,AVC- PARRAMATTA,Location owned and operated by provider,87 Fennell St,,,,NORTH PARRAMATTA,NSW,2151
04159M,United International College Pty Ltd,Ultimo,Location owned and operated by provider,"Level 6, 579 Harris Street",,,,Ultimo,NSW,2007
04159M,United International College Pty Ltd,United International College,Location owned and operated by provider,33 Barina Downs Rd,,,,NORWEST,NSW,2153
04161F,Management Institute Australia Pty Ltd,"NSW Campus -  Level 2A, 133 Parramatta Rd GRANVILLE NSW 2142",Arrangement with Non Registered Provider,133 Parramatta Rd,,,,Granville,NSW,2142
04168K,Australian Guild of Education Pty Ltd,"376 Victoria St, North Melbourne, VIC 3051",Location owned and operated by provider,376 Victoria Street,Level 2,,,North Melbourne,VIC,3051
04173B,Omni Futures Pty Ltd,City Campus - Level 9 620 Bourke St MELBOURNE VIC 3000,Location owned and operated by provider,Level 9,620 Bourke St,,,Melbourne,VIC,3000
04173B,Omni Futures Pty Ltd,Omni Futures,Location owned and operated by provider,"Level 7, 440 Elizabeth Street",,,,Melbourne,VIC,3000
04176K,Train2succeed Pty Ltd,Brisbane Campus,Location owned and operated by provider,433 Boundary St,,,,SPRING HILL,QLD,4000
04176K,Train2succeed Pty Ltd,Gold Coast Campus,Location owned and operated by provider,89A Scarborough St,,,,SOUTHPORT,QLD,4215
04178H,B&P Education Pty Ltd,14 Railway Pde BURWOOD NSW 2134,Location owned and operated by provider,14 Railway Pde,,,,Burwood,NSW,2134
04178H,B&P Education Pty Ltd,60 York Street Sydney,Arrangement with Non Registered Provider,Suite 401 Level 4 60-62 York St,,,,Sydney,NSW,2000
04180C,The Performance College Pty Ltd,"Melbourne Campus - Level 5, 398 Lonsdale St, Melbourne VIC 3000",Location owned and operated by provider,"Level 5, 398 Lonsdale St",,,,MELBOURNE,VIC,3000
04181B,Australasian Academy of Higher Education,"1A Hubert Street, Woolloongabba QLD",Location owned and operated by provider,1A Hubert Street,,,,Woolloongabba,QLD,4102
04181B,Australasian Academy of Higher Education,"363 King St, West Melbourne, VIC 3003",Location owned and operated by provider,"Level 2, 363 King St",,,,West Melbourne,VIC,3003
04182A,XAVIER INTERNATIONAL COLLEGE PTY LTD,28 Memorial Ave LIVERPOOL NSW 2170,Location owned and operated by provider,28 Memorial Av,,,,LIVERPOOL,NSW,2170
04182A,XAVIER INTERNATIONAL COLLEGE PTY LTD,"Level 6, 460 Church St Parramatta NSW 2150",Location owned and operated by provider,"Level 6, 460 Church St",,,,Parramatta,NSW,2150
04184K,Unified WA Pty Ltd,Unified WA,Location owned and operated by provider,"Lvl 4, 440 Elizabeth St",,,,Melbourne,VIC,3000
04189E,Fusion College of Technology Pty Ltd,Suite 2 Level 5 16-18 Wentworth St PARRAMATTA NSW 2150,Location owned and operated by provider,Suite 2 Level 5 16-18 Wentworth St,,,,PARRAMATTA,NSW,2150
04190A,Genesis Education and Training Pty Ltd,107 Quay St BRISBANE CITY QLD 4000,Location owned and operated by provider,107 Quay St,,,,BRISBANE,QLD,4000
04190A,Genesis Education and Training Pty Ltd,11 Cordelia St SOUTH BRISBANE QLD 4101,Location owned and operated by provider,11 Cordelia St,,,,SOUTH  BRISBANE,QLD,4101
04191M,Australian Institute of Advanced Technologies,"Level 7, 341 Queen St",Location owned and operated by provider,"Level 7, 341 Queen Street",,,,Melbourne,VIC,3000
04191M,Australian Institute of Advanced Technologies,"Level 9, 50 Grenfell Street",Location owned and operated by provider,"Level 9, 50 Grenfell Street",,,,Adelaide,SA,5000
04194H,Edinburgh Institute Pty Ltd,L1 St. Kilda Campus,Location owned and operated by provider,Level 1 608E St Kilda Rd,,,,MELBOURNE,VIC,3004
04194H,Edinburgh Institute Pty Ltd,"Level 2, 608E St Kilda Road, Melbourne VIC 3004",Location owned and operated by provider,Level 2 608E St Kilda Rd,,,,MELBOURNE,VIC,3004
04197E,Viva Institute Pty Ltd,"91 Prospect Rd, Prospect SA 5082",Location owned and operated by provider,91 Prospect Rd,,,,PROSPECT,SA,5082
04198D,Esteem Educators Pty Ltd,8 Newquay Prom DOCKLANDS VIC 3008,Location owned and operated by provider,8 Newquay Prom,,,,DOCKLANDS,VIC,3008
04198D,Esteem Educators Pty Ltd,Shop 38-39 Metro West Plaza,Location owned and operated by provider,47 Paisley St,,,,FOOTSCRAY,VIC,3011
04199C,Times College Pty Ltd,"Suite 44/45, 138 Nicholson Street, Footscray VIC 3011",Location owned and operated by provider,47 Paisley St,,,,FOOTSCRAY,VIC,3011
04200D,Built Training & Education Pty Ltd,Factory 2 35 Lock Ave WERRIBEE VIC 3030,Location owned and operated by provider,Factory 2 35 Lock Ave,,,,WERRIBEE,VIC,3030
04201C,Tradie Skills College,14 Railway Pde BURWOOD NSW 2134,Location owned and operated by provider,14 Railway Pde,,,,BURWOOD,NSW,2134
04201C,Tradie Skills College,Geelong Campus - Shop 2 65 Brougham St GEELONG VIC 3220,Location owned and operated by provider,Shop 2 65 Brougham St,,,,GEELONG,VIC,3220
04201C,Tradie Skills College,Melbourne Campus - Level 5 333 Queen St MELBOURNE VIC 3000,Location owned and operated by provider,Level 5 333 Queen St,,,,MELBOURNE,VIC,3000
04202B,Southern Academy of Higher Education Pty Ltd,"Level 1, 191 Thomas St",Location owned and operated by provider,"Level 1, 191 Thomas St",,,,Haymarket,NSW,2000
04206J,IBM NSW Pty Ltd,Suite 1 Level 8 42 Marine Pde SOUTHPORT QLD 4215,Location owned and operated by provider,Suite 1 Level 8 42 Marine Pde,,,,SOUTHPORT,QLD,4215
04206J,IBM NSW Pty Ltd,"Suite 101, 420 Pitt Street Haymarket NSW 2000",Location owned and operated by provider,"Suite 101, 420 Pitt Street",,,,Haymarket,NSW,2000
04206J,IBM NSW Pty Ltd,"Suite 102, 420 Pitt St Haymarket NSW 2000",Location owned and operated by provider,"Suite 102, 420 Pitt St",,,,Haymarket,NSW,2000
04207H,Australian Institute of Hospitality and Management Pty Ltd,Australian Institute of Hospitality and Management Pty Ltd,Location owned and operated by provider,East Perth Campus - Level 3 150-152 Adelaide Tce,,,,EAST PERTH,WA,6004
04210B,The College of Business Management Pty Ltd,"Unit 14, 65 Mark St NORTH MELBOURNE VIC 3041",Location owned and operated by provider,"Unit 14, 65 Mark St",,,,NORTH MELBOURNE,VIC,3041
04212M,ELPIS Education Pty Ltd,Unit 21 334-354 Albany Hwy VICTORIA PARK WA 6100,Location owned and operated by provider,Unit 21 334-354 Albany Hwy,,,,VICTORIA PARK,WA,6100
04214J,Skyline Higher Education Australia,"Level 3, 136 Chalmers Street",Location owned and operated by provider,"Level 3, 136 Chalmers Street",,,,Surry Hills,NSW,2010
04216G,Royal Building Academy Pty Ltd,218 Station St NORLANE VIC 3214,Location owned and operated by provider,218 Station St,,,,NORLANE,VIC,3214
04217F,Melbourne Institute of Australia Pty Ltd,Unit 8 Level 1 1 Watton St WERRIBEE VIC 3030,Location owned and operated by provider,Unit 3 1 Watton St,,,,WERRIBEE,VIC,3030
04218E,Global Leadership Institute,"1009 Ipswich Road, Moorooka, QLD",Location owned and operated by provider,1009 Ipswich Road,,,,Moorooka,QLD,4105
04219D,IIBIT AHE Pty Ltd,"Level 2, 127 Rundle Mall",Location owned and operated by provider,"Level 2, 127 Rundle Mall",,,,ADELAIDE,SA,5000
04219D,IIBIT AHE Pty Ltd,"Level 2, 841 George Street",Location owned and operated by provider,"Level 2, 841 George Street",,,,Sydney,NSW,2000
04220M,Institute of Management and Computing Pty Ltd,Perth Campus,Location owned and operated by provider,Unit 16 40 Lord Street St,,,,EAST PERTH,WA,6004
04220M,Institute of Management and Computing Pty Ltd,Spencer Street Campus - 673-683 Spencer St WEST MELBOURNE  VIC 3003,Location owned and operated by provider,Spencer Street Campus - 673-683 Spencer St,673-683 Spencer St,,,WEST MELBOURNE,VIC,3003
04221K,Realm Vista Pty Ltd,Level 1 190 Queen St MELBOURNE VIC 3000,Location owned and operated by provider,Level 1 190 Queen St,,,,MELBOURNE,VIC,3000
04227D,Xcelit Institute Pty Ltd,"Level 6, 1 Queens Rd Melbourne VIC 3004",Location owned and operated by provider,Level 6 1 Queens Rd,,,,MELBOURNE,VIC,3004
04228C,St Thomas College Pty Ltd,Surry Hills - Suite 1A Level 1 410 Elizabeth St SURRY HILLS NSW  2010,Location owned and operated by provider,Suite 1A Level 1 410 Elizabeth St,,,,SURRY HILLS,NSW,2010
04229B,Imperial Engineering Education,137 Days Road Regency Park,Location owned and operated by provider,137 Days Rd,,,,Regency Park,SA,5010
04231H,Astra Institute of Higher Education,"Level 3, 16-18 Wentworth St",Location owned and operated by provider,"Level 3, 16-18 Wentworth St",,,,Parramatta,NSW,2150
04234E,City College Pty Ltd,Carlisle Campus - Unit 2 33 Archer St CARLISLE,Location owned and operated by provider,"Unit 2, 33 Archer St",,,,CARLISLE,WA,6101
04234E,City College Pty Ltd,Level 2 East Perth - Level 2 150-152 Adelaide Tce,Location owned and operated by provider,Level 2 150-152 Adelaide Tce,,,,East Perth,WA,6004
04234E,City College Pty Ltd,"Unit 3 39 Shields Cres, Booragoon, WA 6154",Location owned and operated by provider,"Unit 3, 39 Shields Cres",,,,Booragoon,WA,6154
04240G,IMPEL Education Pty Ltd,"Suite 203, Level 2 118 Church St PARRAMATTA NSW 2150",Location owned and operated by provider,118 Church St,,,,PARRAMATTA,NSW,2150
04244C,Oxford College Australia Pty Ltd,"Warehouse 5, 2 Scholar Drive, Bundoora VIC",Location owned and operated by provider,"Warehouse 5, 2 Scholar Dr",,,,BUNDOORA,VIC,3083
04246A,Academics Australia Pty Ltd,"Unit 1 60 South St, Granville NSW 2142",Location owned and operated by provider,Unit 1 60 South St,,,,GRANVILLE,NSW,2142
04249J,Adelaide University,"Adelaide University, Adelaide City Campus",Location owned and operated by provider,230 North Terrace,,,,Adelaide,SA,5005
04249J,Adelaide University,"Adelaide University, Magill Campus",Location owned and operated by provider,St Bernards Road,,,,Magill,SA,5072
04249J,Adelaide University,"Adelaide University, Mawson Lakes Campus",Location owned and operated by provider,Mawson Lakes Boulevard,,,,Mawson Lakes,SA,5095
04249J,Adelaide University,"Adelaide University, Mount Gambier Campus",Location owned and operated by provider,Wireless Road West,,,,Mount Gambier,SA,5290
04249J,Adelaide University,"Adelaide University, Roseworthy Campus",Location owned and operated by provider,Philip Drive via Mudla Wirra Road,,,,Wasleys,SA,5371
04249J,Adelaide University,"Adelaide University, Waite Campus",Location owned and operated by provider,Waite Road,,,,Urrbrae,SA,5064
04249J,Adelaide University,"Adelaide University, Whyalla Campus",Location owned and operated by provider,111 Nicolson Avenue,,,,Whyalla Norrie,SA,5608
04249J,Adelaide University,Flight Training Adelaide,Arrangement with other registered provider,Hangar 54 Kittyhawk Lane,,,,Parafield Airport,SA,5106
04249J,Adelaide University,Rising Sun Pictures,Arrangement with Non Registered Provider,180-200 Pulteney Street and 190 Flinders Street,,,,Adelaide,SA,5000
04250E,Princeton Education Group Pty Ltd,Suite 1 Level 12 190 Queen St MELBOURNE VIC 3000,Location owned and operated by provider,Suite 1 Level 12 190 Queen St,,,,MELBOURNE,VIC,3000
04251D,MARUTI GLOBAL PTY LTD,427 Docklands Dr DOCKLANDS VIC 3008,Location owned and operated by provider,427 Docklands Dr,,,,DOCKLANDS,VIC,3008
04253B,Monday College Pty Ltd,"Level 10 474 Flinders St, MELBOURNE VIC 3000",Location owned and operated by provider,178-180 Victoria St,,,,RICHMOND,VIC,3121
04253B,Monday College Pty Ltd,Melbourne Campus - Level 1 333 Queen St MELBOURNE VIC 3000,Location owned and operated by provider,Level 1 333 Queen St,,,,MELBOURNE,VIC,3000
04253B,Monday College Pty Ltd,Sydney Campus,Location owned and operated by provider,12 Pritchard St E,,,,WENTWORTHVILLE,NSW,2145
04255M,Opal Education Group Pty Ltd,73-81 Murray St HOBART TAS7000,Location owned and operated by provider,73-81 Murray St,,,,HOBART,TAS,7000
04260C,Western Star Academy Pty Ltd,North Sydney,Location owned and operated by provider,Level 2 80 Mount St,,,,North Sydney,NSW,2060
04261B,Kentford International College Pty Ltd,"Level 3, 76 Waymouth Street, ADELAIDE SA 5000",Location owned and operated by provider,Level 3 76 Waymouth St,,,,ADELAIDE,SA,5000
04264K,Diverse Solutions Pty Ltd,"Suite 1.02, Level 1, 60 South Street, GRANVILLE, NSW 2142",Location owned and operated by provider,Suite 1.02,"Level 1, 60 South Street",,,Granville,NSW,2142
04265J,Nova Anglia College Pty Ltd,Nova Anglia College Pty Ltd,Location owned and operated by provider,29 Amelia Street,,,,Fortitude Valley,QLD,4006
04269E,A2 Education Pty Ltd,Level 1 620 Bourke Street MELBOURNE VIC 3000,Location owned and operated by provider,Level 1 620 Bourke St,,,,MELBOURNE,VIC,3000
04273J,Australian College of Technical Studies Pty. Ltd.,8 Chandler St BELCONNEN ACT 2617,Location owned and operated by provider,8 Chandler Street,,,,BELCONNEN,ACT,2617
04273J,Australian College of Technical Studies Pty. Ltd.,Bankstown - Suite 3 Level 2 41-45 Rickard Rd BANKSTOWN NSW  2200,Arrangement with Non Registered Provider,Suite 3 Level 2 41-45 Rickard Rd,,,,Bankstown,NSW,2200
04288B,Business College of Sydney Pty Ltd,Level 1 12 Butler Rd HURSTVILLE NSW  2220,Location owned and operated by provider,Level 1 12 Butler Rd,,,,HURSTVILLE,NSW,2220
04289A,Australian School of Business Pty Ltd,"Unit 6, 435-437 Sydney Road, Coburg VIC 3058",Location owned and operated by provider,Unit 6  435-437 Sydney Road,,,,Coburg,VIC,3058
04294D,Iona Trinity College,15-17 Blaxland Road,Location owned and operated by provider,15-17 Blaxland Road,,,,Rhodes,NSW,2138
04294D,Iona Trinity College,16 Masons Drive,Location owned and operated by provider,16 Masons Drive North Parramatta,,,,North Parramatta,NSW,2138
04300M,Heyden Lakes Pty Ltd,Lidcombe Workshop,Location owned and operated by provider,18/2 Railway Parade,,,,LIDCOMBE,NSW,2141
04300M,Heyden Lakes Pty Ltd,Melbourne Campus,Location owned and operated by provider,138 Nicholson Street,,,,FOOTSCRAY,VIC,3011
04300M,Heyden Lakes Pty Ltd,Melbourne CBD campus,Location owned and operated by provider,Suite 1 Level 1 333 Queen St,,,,MELBOURNE,VIC,3000
04300M,Heyden Lakes Pty Ltd,Petersham Campus,Location owned and operated by provider,Unit 1 586-590 Parramatta Rd,,,,PETERSHAM,NSW,2049
04300M,Heyden Lakes Pty Ltd,Seven Hills Warehouse,Location owned and operated by provider,Unit 26 128 Station Rd,,,,SEVEN HILLS,NSW,2147
04300M,Heyden Lakes Pty Ltd,Sydney CBD campus,Location owned and operated by provider,Shop 3 127 Liverpool St,,,,SYDNEY,NSW,2000
04301K,XPERT SOLUTIONS PTY LTD,Melbourne Campus,Location owned and operated by provider,"Level 3, 377 Little Lonsdale St",,,,MELBOURNE,VIC,3000
04301K,XPERT SOLUTIONS PTY LTD,Unit 4 169 Liverpool St HOBART,Location owned and operated by provider,Unit 4 169 Liverpool St,,,,HOBART,TAS,7000
04304G,Ashford College Pty Ltd,Melbourne Campus,Location owned and operated by provider,Shop 6G 427 Docklands Dr,,,,DOCKLANDS,VIC,3008
04304G,Ashford College Pty Ltd,"Shop 3, 65 Brougham Street, GEELONG, VIC, 3220",Location owned and operated by provider,"Shop 3, 65 Brougham Street",,,,GEELONG,VIC,3220
04305F,Vocational Augment Pty Ltd,Flinders Street Campus - Level 11 474 Flinders St MELBOURNE VIC  3000,Location owned and operated by provider,Level 11 474 Flinders Street,,,,MELBOURNE,VIC,3000
04307D,Heritage International College Pty Ltd,Classroom,Location owned and operated by provider,"Level 1, 341 Queen Street",,,,MELBOURNE,VIC,3000
04308C,Sage College of Australia Pty Ltd,Docklands,Location owned and operated by provider,18-38D Siddeley St,,,,DOCKLANDS VIC,VIC,3008
04308C,Sage College of Australia Pty Ltd,"Unit 7 69 - 73 McLennan Street, MOOROOPNA VIC 3629",Location owned and operated by provider,Unit 7 69 - 73 McLennan Street,,,,MOOROOPNA,VIC,3629
04320G,Monaro Education Pty Limited,Monaro Higher Education,Location owned and operated by provider,"Suite 405, Level 4, 4 Railway Parade",,,,Burwood,NSW,2134
04328K,National Institute of Science Pty Ltd,Unit 6 14 French Ave BANKSTOWN NSW 2200,Location owned and operated by provider,Unit 6 14 French Ave,,,,Bankstown,NSW,2200
04329J,Institute of Culinary Education,"Suite 1 Level 5 398 Lonsdale St, MELBOURNE, VIC, 3000",Location owned and operated by provider,Suite 1 Level 5 398 Lonsdale St,,,,MELBOURNE,VIC,3000
04332C,MANCHESTER COLLEGE PTY LTD,"Level 3, 1 Fitzwilliam Street, PARRAMATTA, NSW, 2150",Location owned and operated by provider,"Level 3, 1 Fitzwilliam Street",,,,PARRAMATTA,NSW,2150
04334A,Montford Group Pty Ltd,"61 Riggall Street, Broadmeadows, VIC, 3047",Location owned and operated by provider,61 Riggall Street,,,,BROADMEADOWS,VIC,3047
04336K,MEGA Higher Education Pty Ltd,MEGA Higher Education Pty Ltd,Location owned and operated by provider,Levels 2 & 3,225 Clarence Street,,,Sydney,NSW,2000
04337J,Australian Institute of Community and Health Management Pty Ltd,Level 8 310 King St MELBOURNE VIC 3000,Location owned and operated by provider,Level 8 310 King St,,,,MELBOURNE,VIC,3000
04339G,Sydney Institute of Technology Innovation Pty Ltd,Sydney Institute of Technology Innovation Pty Ltd,Location owned and operated by provider,Level 3,191 Thomas Street,,,Haymarket,NSW,2000
04341B,Ant College Pty Ltd,"2B 1-13 The Gateway, Broadmeadows Vic 3047",Location owned and operated by provider,"2B, 1-13 The Gateway",,,,Broadmeadows,VIC,3047
04341B,Ant College Pty Ltd,CBD Campus - Suite 2 Level 1 333 Queen St MELBOURNE VIC 3000,Arrangement with Non Registered Provider,Suite 2 Level 1 333 Queen St,,,,MELBOURNE,VIC,3000
04342A,Education and Career Hub Pty Ltd,Education and Career Hub Pty Ltd,Location owned and operated by provider,"Level 1, 37-39 George Street","Level 1, 37-39 George Street","Level 1, 37-39 George Street",,Parramatta,NSW,2150
04343M,AUSTRALIAN VOCATIONAL EDUCATION PTY LTD,"29 Apex Drive, Truganina VIC 3029",Location owned and operated by provider,29 Apex Drive,,,,Truganina,VIC,3029
04345J,BBS Higher Education Pty Ltd,"Level 1, 108-112 Johnston Street",Location owned and operated by provider,"Level 1, 108-112 Johnston Street",,,,Collingwood,VIC,3066
04352K,Kingsford Institute of Higher Education Pty Ltd,"Level 2, 545 Kent Street",Location owned and operated by provider,"Level 2, 545 Kent Street",,,,Sydney,NSW,2000
04353J,Capital Education Institute Pty Ltd,"Suite 1B, Level 1, 10-24 Moorabool St, GEELONG VIC 3220",Location owned and operated by provider,"Suite 1B, Level 1, 10-24 Moorabool Street",,,,GEELONG,VIC,3220
04354H,Victorian Skills College Pty Ltd,"Level 4, 398 Lonsdale Street, Melbourne, VIC, 3000",Location owned and operated by provider,"Level 4, 398 Lonsdale Street",,,,MELBOURNE,VIC,3000
04373E,Oxford International College Pty Ltd,HAYMARKET - Level 2 191-199 Thomas St HAYMARKET NSW 2000,Location owned and operated by provider,Level 2 191-199 Thomas St,,,,HAYMARKET,NSW,2000
04373E,Oxford International College Pty Ltd,"Level 3, 72 Mary Street, Surry Hills NSW 2010",Location owned and operated by provider,"Level 3, 72 Mary Street",,,,SURRY HILLS,NSW,2010
04374D,Indigo Polytechnic Pty Ltd,212 Liverpool St HOBART,Location owned and operated by provider,212 Liverpool St,,,,HOBART,TAS,7000
04375C,Laurus Higher Education Pty Ltd,Laurus Higher Education Pty Ltd,Location owned and operated by provider,"Level 3, 311 Flinders Lane",,,,Melbourne,VIC,3000
04376B,INSTITUTE OF MANAGEMENT LEARNING PTY LTD,61 Riggall St BROADMEADOWS VIC 3047,Location owned and operated by provider,61 Riggall St,,,,BROADMEADOWS,VIC,3047
04379K,Hallmark Institute Pty Ltd,"Suite 603, Level 6, 2 Meredith Street, Bankstown NSW 2200",Location owned and operated by provider,Suite 603 Level 6 2 Meredith St,,,,BANKSTOWN,NSW,2200
04384B,Apex Aim Pty Ltd,Level 2 14 Railway Parade BURWOOD NSW 2134,Location owned and operated by provider,"Level 2, 14 Railway Parade",,,,Burwood,NSW,2134
04385A,Vision College of Australia Pty Ltd,"153 Mann Street, Gosford, NSW 2250",Location owned and operated by provider,153 Mann Street,,,,Gosford,NSW,2250
04388J,ANA Institute of Education Pty Ltd,ANA Institute of Education Pty Ltd,Location owned and operated by provider,"Level 6, 38 Currie Street",,,,ADELAIDE,SA,5000
04391C,International Health & Science Institute Pty Ltd,International Health & Science Institute Pty Ltd,Location owned and operated by provider,"Suite 101A & E, Level 1, 130 Main Street","Suite 101A & E, Level 1, 130 Main Street","Suite 101A & E, Level 1, 130 Main Street",,Blacktown,NSW,2148
04394M,Australian Global Institute of Technology Pty Ltd,Unit 3/4 Monash Gate JANDAKOT WA 6164,Location owned and operated by provider,Unit 3/4 Monash Gate,,,,JANDAKOT,WA,6164
04398G,Advith Education Pty Ltd,425 Kiewa St ALBURY NSW 2640,Location owned and operated by provider,425 Kiewa St,,,,ALBURY,NSW,2640
04399F,Bloomfield College Pty Ltd,"62 Robinson Street, DANDENONG, VIC, 3175",Location owned and operated by provider,62 Robinson Street,,,,DANDENONG,VIC,3175
04401F,Nova Higher Education Pty Ltd,"142 Normanby Road, Southbank VIC 3006",Location owned and operated by provider,182 Normanby Road,,,,Southbank,VIC,3006
04401F,Nova Higher Education Pty Ltd,"Level 5, 601 Bourke Street, Melbourne VIC 3000",Location owned and operated by provider,"Level 5, 601 Bourke Street",,,,Melbourne,VIC,3000
04401F,Nova Higher Education Pty Ltd,"Level 9, Suite 26, 108 King William Street, Adelaide (with associated kitchen at Unit 28, Level 1, 128 Hindley Street, Adelaide)",Location owned and operated by provider,"Level 9, Suite 26, 108 Kingwilliam Street",With Kitchen at,"Unit 28, Level 1, 128 Hindley Street",,Adelaide,SA,5000
04403D,International Business College Pty Ltd,Adelaide campus,Location owned and operated by provider,"Level 8, 45 Grenfell Street",,,,Adelaide,SA,5000
04403D,International Business College Pty Ltd,Melbourne campus,Location owned and operated by provider,"Level 7, 168 Exhibition Street",,,,Melbourne,VIC,3000
04405B,Greystone Institute Pty Ltd,"Ground Floor, 232 Adelaide Street, Brisbane",Location owned and operated by provider,"Level 1, 232 Adelaide Street",,,,Brisbane,QLD,4000
04409J,Platinum Institute Pty Ltd,"Level 10, 474 Flinders Street Melbourne 3000",Location owned and operated by provider,"Level 10, 474 Flinders Street",,,,MELBOURNE,VIC,3000
04409J,Platinum Institute Pty Ltd,Toowoomba Campus - Level 4 8-10 Russell St TOOWOOMBA CITY  QLD 4350,Location owned and operated by provider,Level 4 8-10 Russell St,,,,TOOWOOMBA,QLD,4350
04409J,Platinum Institute Pty Ltd,Townsville Campus - 413-417 Ross River Rd Cranbrook Qld 4814,Location owned and operated by provider,413-417 Ross River Rd,,,,CRANBROOK,QLD,4814
04416K,GREENFIELD COLLEGE PTY LTD,"1228/401 Docklands Drive, Docklands VIC 3008",Location owned and operated by provider,1228/401 Docklands Drive,,,,DOCKLANDS,VIC,3008
04416K,GREENFIELD COLLEGE PTY LTD,"359 Wyndham Street, Shepparton VIC 3630",Location owned and operated by provider,359 Wyndham Street,,,,SHEPPARTON,VIC,3630
04418H,Harmony International College Pty Ltd,Harmony International College Pty Ltd (Theory Classes),Location owned and operated by provider,57 Sanders St,,,,UPPER MOUNT GRAVATT,QLD,4122
04423M,Saveedu Pty Ltd,921 Punchbowl Road Punchbowl NSW 2196,Location owned and operated by provider,921 Punchbowl Road,,,,Punchbowl,NSW,2196
04423M,Saveedu Pty Ltd,"Clyde Workshop - 31 George Street, Clyde NSW 2142",Location owned and operated by provider,Clyde Workshop,31 George Street,,,Clyde,NSW,2142
04423M,Saveedu Pty Ltd,"Seven Hills Workshop - Unit 26 128 Station Rd, Seven Hills NSW 2147",Location owned and operated by provider,Seven Hills Workshop,"Unit 26, 128 Station Road",,,Seven Hills,NSW,2147
04423M,Saveedu Pty Ltd,Sydney city Campus - 218 Parramatta Rd STANMORE NSW 2048,Arrangement with Non Registered Provider,218 Parramatta Rd,,,,STANMORE,NSW,2048
04424K,Gradskill International Pty Ltd,"174 Victoria Street Richmond, VIC 3121",Location owned and operated by provider,"Unit 1, 3A Belair Ave",,,,GLENROY,VIC,3046
04424K,Gradskill International Pty Ltd,"Level 1, 3 Belair Avenue, Glenroy VIC 3046",Location owned and operated by provider,"Unit 1, 3A Belair Ave",,,,GLENROY,VIC,3046
04425J,EV Higher Education,EV Higher Education Pty Ltd,Location owned and operated by provider,"Level 5, 136 Chalmers Street",,,,Surry Hills,NSW,2010
04426H,AUSTRALIAN COLLEGE OF PROFESSIONAL SKILLS PTY LTD,"Level 1, 355 Spencer Street, West Melbourne, 3003",Location owned and operated by provider,"Level 1, 355 Spencer Street",,,,WEST MELBOURNE,VIC,3003
04427G,Noble College of Education Pty Ltd,5/133 Elgar Road DERRIMUT VIC 3026,Location owned and operated by provider,Level 6/ 440 Elizabeth Street,,,,Melbourne,VIC,3000
04427G,Noble College of Education Pty Ltd,"Level 6, 440 Elizabeth St MELBOURNE VIC 3000",Location owned and operated by provider,"Level 6, 440 Elizabeth St",,,,MELBOURNE,VIC,3000
04428F,International School of Global Leaders Pty Ltd,International School of Global Leaders,Location owned and operated by provider,16-20 Good St,,,,Granville,NSW,2142
04436F,Nexus Institute of Higher Education Pty Ltd,"Level 5, 1-5 Railway Street, Chatswood",Location owned and operated by provider,"Level 5, 1-5 Railway Street",,,,Chatswood,NSW,2075
04437E,Tigerleap Education Pty Ltd,"Level 1, 128 Chalmers St, SURRY HILLS NSW 2010",Location owned and operated by provider,"Level 1, 128 Chalmers St",,,,SURRY HILLS,NSW,2010
04440K,Amtech Institute Pty Ltd,Amtech Institute Pty Ltd,Location owned and operated by provider,8-88 Leichhardt Street,,,,Spring Hill,QLD,4000
04441J,Omeo College Pty Ltd,"Level 2, 12-14 Wentworth Street, PARRAMATTA, NSW, 2150",Location owned and operated by provider,"Level 2, 12-14 Wentworth Street",,,,PARRAMATTA,NSW,2150
04441J,Omeo College Pty Ltd,Omeo College Church Street Campus,Arrangement with Non Registered Provider,269 Church St,,,,PARRAMATTA,NSW,2150
04445E,Green Valley Education Group Pty Ltd,"101 Davies Avenue, Sunshine North VIC 3020",Location owned and operated by provider,101 Davies Avenue,,,,Sunshine North,VIC,3020
04445E,Green Valley Education Group Pty Ltd,403-405 Victoria Street Abbotsford Vic 3067,Location owned and operated by provider,403-405 Victoria St,,,,ABBOTSFORD,VIC,3067
04445E,Green Valley Education Group Pty Ltd,407 Victoria Street Abbotsford VIC 3067,Location owned and operated by provider,407 Victoria Street,,,,ABBOTSFORD,VIC,3067
04449A,Vivid College Pty Ltd,"Suite14/Level 2, 10-24 Moorabool Street, Geelong VIC 3220",Location owned and operated by provider,"Suite14/Level 2, 10-24 Moorabool Street",,,,Geelong VIC,VIC,3220
04449A,Vivid College Pty Ltd,"Unit 5, 133 Elgar Road, Derrimut VIC 3026",Location owned and operated by provider,"Unit 5, 133 Elgar Road,",,,,Derrimut,VIC,3026
04454D,Metavision Institute Pty Ltd,Metavision Institute Pty Ltd,Location owned and operated by provider,Level 3/97 Creek Street,Level 3/97 Creek Street,,,Brisbane City,QLD,4000
04461E,Benison College Pty Ltd,22-36 Mountain St ULTIMO NSW 2007 Australia,Location owned and operated by provider,22-36 Mountain St,,,,ULTIMO,NSW,2007
04464B,Austrasia International College of Management Pty Ltd,"Level 1, 586 Parramatta Road, Petersham NSW 2049",Location owned and operated by provider,"Level 1, 586 Parramatta Road",,,,Petersham,NSW,2049
04465A,Higher Education Australia Pty Ltd,Higher Education Australia Pty Ltd,Location owned and operated by provider,Level 14,1 Queens Road,,,Melbourne,VIC,3004
04467K,Trident Institute Australia Pty Ltd,Trident Institute Australia Pty Ltd,Location owned and operated by provider,Level 2,120 Miller Street,,,West Melbourne,VIC,3003
